Year,Month,Day,realization,ORO_fnf,SHA_fnf,FOL_fnf,YRS_fnf,MHB_fnf,PAR_fnf,NHG_fnf,NML_fnf,DNP_fnf,EXC_fnf,MIL_fnf,PFT_fnf,KWH_fnf,SUC_fnf,ISB_fnf
1906,1,1,1,2677.7114677953,18406.084596329925,1017.7600171041261,2070.9337712270626,30.173596034828908,646.881463390032,15.39626019785162,229.9846970246295,1324.2257184406653,280.31710319787925,1130.83644682369,440.1891007416192,74.38143303264089,122.01458983699902,391.9266619251269
1906,1,2,1,1486.0755622306433,53795.1079050905,1642.1893528445132,2404.9092312533944,29.59335691185041,620.909991176916,41.05565602740016,313.9133193914042,693.8444610386887,276.5804098110907,742.6143275679403,440.1891007416192,75.68643007583218,120.1934765558493,418.3311781171947
1906,1,3,1,2468.446124379277,36142.68112219204,1642.1893528445132,2404.9092312533944,29.01311778887191,672.852935603125,564.5087839175733,393.0002539248446,1081.0152899722211,241.7002649217623,425.2630047970821,440.1891007416192,74.38143303264089,118.3723632746996,426.44933682219175
1906,1,4,1,1824.5604954061807,22540.076684641135,6783.555701568658,2404.9092312533944,29.01311778887191,398.5195404898906,1135.1822989153977,290.51031988302776,688.965843049115,624.1710138089524,702.3433544844582,486.7274967471102,79.60142120543831,127.47792968044817,590.9445526024642
1906,1,5,1,1514.131800007284,19418.05644851208,3718.89433088368,2404.9092312533944,28.432878665893412,884.6992796072248,875.5059750795765,333.2800707246788,701.9857834643692,743.7842616992882,631.453445055598,535.6373968295364,73.07643598943348,295.009900393922,649.8217036145477
1906,1,6,1,1694.335305726463,19988.862751368088,2592.7224241638123,2404.9092312533944,28.432878665893412,716.6882188434436,342.8171667377321,152.51769169149966,1083.4854762960447,397.43054227195717,475.20512756270546,528.4659685009676,70.46644190303476,187.57466795837283,556.4218777053992
1906,1,7,1,1315.8274957225094,20034.333761934693,1849.3679461670708,2404.9092312533944,27.85263954290996,622.5377441259966,168.3262178287406,334.8909500411751,768.6808142081517,379.9839599085158,383.3865444145772,391.27920065926526,74.38143303264089,151.15240233538648,556.4218777053992
1906,1,8,1,1378.8786107259039,19232.302533006165,2388.4373866138953,2404.9092312533944,27.85263954290996,607.9294389969549,160.11695472359392,501.93370523264633,688.965843049115,387.45734668212225,597.6235341121749,433.0366444456381,74.38143303264089,140.2257226484922,420.360717793444
1906,1,9,1,1114.506391676964,17233.51300470067,1893.4464457706254,2211.2540501185767,27.272400419931458,473.1888190842023,152.93514679846243,271.1435685497531,778.4380501873675,350.0904128141196,625.0123829155388,433.0366444456381,73.07643598943348,132.9412695238933,517.8401234558359
1906,1,10,1,6183.534469964011,15082.830951736538,1657.5251984396268,2211.2540501185767,27.85263954290996,433.4177342899996,109.82354257744989,816.6615141661287,1031.4057146350274,239.20045610550443,683.0010551202439,433.0366444456381,76.9914271190396,116.55124999354987,519.8696631321126
1906,1,11,1,3496.8731628780306,13386.859004437216,1908.7822913657387,2211.2540501185767,27.272400419931458,446.4086543231544,98.53295176570263,554.3868317409347,715.8085344349194,266.62023405881,558.9771612717519,419.9079978758497,78.29642416223089,123.83570311814874,473.14924977675224
1906,1,12,1,3145.315430738397,14135.679476319317,1669.0029696711697,2211.2540501185767,27.272400419931458,452.8989304131349,75.95280797569873,423.661260241284,679.2086070698992,266.62023405881,641.124594737739,620.3285504245281,82.21141529183701,111.08791015010473,408.18347973592086
1906,1,13,1,3214.5007052556125,9352.129164724554,1452.2756422987795,2211.2540501185767,27.272400419931458,460.2082669042411,75.95280797569873,248.54600869967166,528.7227977327337,266.62023405881,525.1472503283288,447.36052907026027,76.9914271190396,92.87677733861155,471.11971010050297
1906,1,14,1,4508.205002731391,11614.457060654047,1274.8042215755938,2211.2540501185767,26.692161296952957,305.17775832039837,46.18774276002294,315.52419870790044,601.1198419074099,266.62023405881,995.5168030499977,557.094765717552,76.9914271190396,91.05566405746183,505.6423849975679
1906,1,15,1,8183.371031479988,11358.077958523534,1236.4163816582266,2211.2540501185767,26.692161296952957,380.66609731585856,48.240577453072056,301.8045748661925,530.3490037292812,209.3069090111082,165.91946717496563,449.7320331471955,90.04139755104927,80.12898437056754,487.37652791129693
1906,1,16,1,5756.958983769532,10563.786476074829,1167.3568505507076,1541.873534748018,26.11192217397446,315.7322328565177,35.92356929480025,323.5966950580415,1042.830326382771,225.50358696643525,339.885483789081,386.51722047280714,134.40959780497022,100.16123046320641,501.58330564506934
1906,1,17,1,8700.048270534136,8705.086359046263,1131.8625664060555,1541.873534748018,26.11192217397446,361.1849011927232,60.55654777783039,353.4522617162172,558.8179011115644,224.25368255829164,753.8909645491042,601.2426856134477,480.2151228892659,89.23455077631212,554.39233802915
1906,1,18,1,9078.556080537928,8722.210548132083,1373.5709252824097,1541.873534748018,24.951443928012505,386.34768085788426,42.082073373924715,217.0795627249685,922.4190355384118,199.3337134212439,604.0837091962708,530.8564446104906,441.0652115932369,89.23455077631212,1051.9165643217207
1906,1,19,1,10413.992774706661,8659.518601648877,1322.740795542644,1541.873534748018,35.395748141650266,324.6589544435337,30.791482562177475,317.144127908211,531.9752097258286,225.50358696643525,687.8366299612804,530.8564446104906,208.78253476311568,100.16123046320641,1766.7245383778998
1906,1,20,1,6212.596307661016,7656.834445242349,1077.1743623027944,1541.873534748018,291.8736377175007,360.3762086447684,52.34624683917028,238.86263303300305,537.6669307136416,188.12363326084898,2142.369896975772,936.4595298943781,183.9909893720987,96.51900390091099,1011.2847699951358
1906,1,21,1,6647.216593217929,8529.587607625846,1074.280806530154,1541.873534748018,311.5982829791518,430.1725962450093,127.26952396780409,300.9991352079288,924.0452415349592,163.20366412380127,2113.509351481643,2428.799615418887,164.42283058369017,94.69789061976127,806.1987606898231
1906,1,22,1,6802.481220913516,8592.18280727827,1226.8676476084686,1541.873534748018,242.55040816450548,305.17775832039837,475.2135882705917,380.0860697413692,554.7523861202302,230.4901847613674,1406.292196268007,1604.5027423465708,180.08279510209854,94.69789061976127,710.7488947036529
1906,1,23,1,14882.878820554135,6613.226379325837,1501.17673485676,2872.4968690644614,319.1431340377184,322.2225089464983,1203.990660972541,548.739704249368,576.716459516461,193.11023105578113,1523.8750279764397,1035.4745681139195,824.7309438644555,87.4134374951624,852.8986736443835
1906,1,24,1,14894.946019597703,5761.370532436469,1486.8054078525768,2872.4968690644614,154.92791157519252,297.87878968246287,655.8588899246538,675.4380774577626,534.4145187206154,219.2670847633595,927.8569811632194,1326.5434924988817,1384.5372926697748,94.69789061976127,712.7784343799023
1906,1,25,1,9755.525946889165,5520.374176434001,1405.2071350634915,2872.4968690644614,107.9279617938863,190.73739493188387,408.50164991413146,677.0489567742587,1316.0946884580655,160.71687514512703,1330.585824942079,1326.5434924988817,780.3644428254403,103.80345702550586,657.9603627203172
1906,1,26,1,7568.446680211941,7088.543559992017,1768.8306438280085,2872.4968690644614,93.42488781910787,217.5175596929547,971.9933569868471,483.3814434414186,924.8583445331986,218.03020019282886,1080.8943240580668,1896.7669047862223,411.0570764592174,94.69789061976127,613.2694890412336
1906,1,27,1,7156.955192821964,7178.711606476915,3821.519108954141,2872.4968690644614,87.04167664639071,185.05581138985818,2374.044165998355,275.9852563830874,1317.7414793405687,255.39713406083152,974.5690163867608,1662.955574834501,315.7990891651656,92.87677733861155,578.7468141441962
1906,1,28,1,6248.69734480009,5450.135977133357,2587.99628306848,2872.4968690644614,76.5927258732129,156.64789367972972,685.6239551403069,405.0999485662419,927.2976535279855,254.1602494902715,868.2628216594917,1098.6893807883082,262.29081196414063,111.08791015010473,544.2241392471312
1906,1,29,1,7450.288689575631,5703.51592750305,2394.2244981592507,2872.4968690644614,70.2095147004908,137.16669755661727,479.32340899074376,380.0860697413692,928.9238595245329,250.42355610348295,1011.6290148722659,1136.8611104104689,253.16602795113803,109.26679686895501,745.2715696007178
1906,1,30,1,7209.950308622196,5537.401618688628,2078.634015220952,1804.149291140137,65.56876335654039,198.85542397096782,338.7073460175801,498.7119465996539,980.1699333012864,190.61042223952327,1341.8433489792058,1128.5134160596538,450.2069877552464,111.08791015010473,1685.481450125502
1906,1,31,1,5873.105774565113,5049.797590486415,3725.5495091607977,1804.149291140137,63.251291784278955,145.28472659567834,617.8845616038315,229.9846970246295,972.0389033186178,189.37353766896325,961.6868921066425,905.4402565681984,326.23226865117056,101.98234374435613,1352.4524396132035
1906,2,1,1,5531.704601620599,39449.487805516736,2252.633169017014,3335.3558454395247,1438.2263426651168,2416.1245048068295,565.5673741030837,1379.4737877254352,5996.686074421799,834.871045441624,2288.7750482901924,1948.9969105763435,1026.3427917495767,290.3852655192672,811.89787210395
1906,2,2,1,5527.279961971317,42327.706027545304,2430.586849035665,3335.3558454395247,1332.8656050189456,2416.1245048068295,2459.9767810561316,1644.0018912169485,6403.44342241478,699.7251313127837,3559.0213089112444,2569.761817751112,964.1345342605292,280.37828723117184,951.3825989445413
1906,2,3,1,6439.962449642473,74238.68076212381,3277.9164311300947,3335.3558454395247,1197.7668862951346,2416.1245048068295,12966.691938790582,903.268902137875,5822.743787451152,683.307116118506,841.8487330020042,2664.2425401756095,933.0389015905171,275.38786202745024,935.2897843399265
1906,2,4,1,6082.169997997064,52653.49529937848,3364.2408450145126,3335.3558454395247,1101.6411857414287,2416.1245048068295,3125.2280642932633,896.2371424247973,5134.693971830398,714.8802222613341,4197.967028028926,2575.263707209503,919.0373708145056,257.8508285366702,727.8462289460335
1906,2,5,1,5344.361336467235,57154.15787715132,2574.493022796059,3335.3558454395247,1021.6622796009804,2416.1245048068295,1718.133384397914,1412.053369407592,4457.142448086014,824.7676514759236,2130.9021305542406,2499.3755767480825,968.8073752355353,265.35475585870665,899.5165849958819
1906,2,6,1,7919.199932415121,65491.79977208847,2442.353975844487,3335.3558454395247,1041.5263216489368,2416.1245048068295,4642.54066350184,1130.8734797229397,5089.098449269478,1678.5174614153323,2301.9629796748995,2690.0445045325027,853.7195500584778,250.3416756385016,822.6195817067689
1906,2,7,1,18988.74329517046,73007.09360358887,2338.282419887781,12647.519808242734,982.3988514594089,2416.1245048068295,5842.691340468162,5019.789546516747,4474.227903492603,1422.1568593732259,2653.2588910534014,2467.882002606559,939.2580281245259,237.82380802015533,702.7947392048077
1906,2,8,1,19078.241688077913,58498.93882794784,2640.9483537082165,12647.519808242734,996.2223661009672,2416.1245048068295,4394.290886668257,6257.813650438799,4441.909632422311,1120.3179646478843,2044.5116235123573,2467.882002606559,967.2440975275418,368.0111989237799,633.0523757844983
1906,2,9,1,48642.87934512471,38006.9925554183,2928.760701228929,12647.519808242734,917.9859197892806,2416.1245048068295,2431.643926091428,8664.539748370336,3914.524852281645,1436.0880855888292,2519.8505416833204,2478.8857815234865,926.8197750565082,332.94758309447576,731.4132986800491
1906,2,10,1,26999.35226034181,29735.13850555638,4940.842933678705,12647.519808242734,855.8381858965557,2416.1245048068295,1609.3684320059515,4569.014834408865,4096.906942525465,1034.4260961018185,2818.7769864036627,2454.7913001019465,884.8321748774971,280.37828723117184,776.1246727599051
1906,2,11,1,19235.115275645927,24855.228350292695,12046.83720018104,12647.519808242734,806.2942447652546,2416.1245048068295,1609.3684320059515,3181.6676477768933,4471.346019448154,929.5903638700793,2264.3104799243215,2464.0875960835206,878.613048343488,250.3416756385016,810.0938368361698
1906,2,12,1,15576.742765566369,26553.13523421177,14707.943992438795,12647.519808242734,764.7075368519893,2416.1245048068295,1119.6147961875345,2520.030643115044,4309.857588526815,858.8666061101769,2736.0179387285657,2814.3113181630983,850.6099867914653,237.82380802015533,1298.3108811790532
1906,2,13,1,12056.137444569022,31307.274509185092,34377.3716164013,12647.519808242734,726.3734206190915,2416.1245048068295,1092.8386914956243,3679.8637509999076,4373.464886365835,809.5995406897895,3380.5064116166445,2945.787504187583,863.0652320084739,240.32685898621415,1373.403849200386
1906,2,14,1,10239.018388573057,40079.309675278426,18609.42169257744,7493.058905260755,693.324765866794,2416.1245048068295,3078.4217727581677,3642.035236713424,3804.292787580071,807.0736921983644,3341.1337469028235,2838.4057995846388,830.4063216304681,225.30855318987702,1291.15624131025
1906,2,15,1,9987.618408496093,31997.079414161926,12140.395503497059,7493.058905260755,668.8722462697497,2416.1245048068295,2404.867821399518,1969.07371733452,4288.963929204334,885.3880152701549,2538.7723562787933,3034.766337153689,844.3908602574726,222.80288943575417,1251.8159722321896
1906,2,16,1,11829.877462499886,27732.479104010567,9072.647673321255,7493.058905260755,654.3517476966837,2416.1245048068295,1464.4868732853656,2075.4098519915547,3695.913362621451,805.8107679526665,2895.8021508680613,2708.6370964955795,1128.9753717096257,222.80288943575417,1085.4962207833646
1906,2,17,1,18961.59209732223,25537.293508790117,6896.790184138825,7493.058905260755,713.8277098519632,2416.1245048068295,1128.1250310121097,3296.782169720531,4463.832536046424,900.5431062187055,2313.239616656063,2953.186596907566,1097.8797390396135,222.80288943575417,1137.362234732024
1906,2,18,1,16745.24987296409,22720.025790287393,5905.457976424983,7493.058905260755,704.8830827309536,2416.1245048068295,867.514657012599,3207.097821256573,3876.442813122386,852.5519848815995,1777.6566988841214,2586.457206452597,1010.7949754145626,232.8177060880456,1044.3724168382964
1906,2,19,1,26809.29387540354,39823.8980414582,4941.518096692281,7493.058905260755,643.780824735488,2416.1245048068295,1501.3299630746212,2904.831702316533,3227.401356532334,913.1723486758308,2495.5771027578176,2654.946244194035,1287.5800904757225,267.86303240089353,1012.1867876290395
1906,2,20,1,16610.499483642812,31338.233495102744,5048.579660280795,7493.058905260755,622.0000768758889,2416.1245048068295,1669.8741259415538,2867.0936868680374,3813.761835154808,940.9566820815068,3544.1132125632944,2564.070207966482,1158.5247188206513,277.87001068898894,917.3929344675042
1906,2,21,1,22191.57904135065,41221.88974930032,6805.932532877261,5933.150475733584,596.5601633758758,2416.1245048068295,1958.8069765706102,3316.9634105958526,3388.992711883796,988.9608232561669,2719.198547977004,2325.2123173390532,1027.8890773085795,252.84472660455646,920.9805046023197
1906,2,22,1,14020.074088929998,31040.25325564554,12627.477391895078,5933.150475733584,573.4377214481241,2416.1245048068295,2275.3461987037153,2937.4112839986897,3426.0455067414905,967.4911110790683,3061.129116777954,2334.318892994389,950.133003484534,227.8116041559319,1019.3209270970706
1906,2,23,1,12190.887833890301,27596.066072311165,7796.493125718433,5933.150475733584,554.6075388985715,2416.1245048068295,2378.7144168167115,2356.5897416762073,3483.0656410502233,1130.4213586135847,2610.063637532426,2345.512392237483,897.2704279454987,225.30855318987702,874.4855956554284
1906,2,24,1,11689.093473656743,26047.149308120694,5599.223323818256,5933.150475733584,529.5045009654547,2416.1245048068295,1834.6820881538192,2108.8039232157585,3460.2164175546677,2995.864628232015,2615.797520743192,2338.1132995175,849.0637012324786,232.8177060880456,860.1763159178215
1906,2,25,1,14317.73166534115,22081.496705736416,5199.141012318307,5933.150475733584,507.3752611400994,2416.1245048068295,1268.336338914339,2635.1451650586496,2907.1005298739287,2118.0671782737195,3568.386651488797,2251.031669812985,1009.231697706569,210.2876346054759,937.0733192069345
1906,2,26,1,12096.36144138135,18175.827138567693,18040.35572395404,5933.150475733584,493.83054007114214,2416.1245048068295,956.4154759238265,2393.5132675826558,3489.6528045804425,4039.1442138914495,2797.9438774046466,2317.8132246190703,1589.2756959708834,210.2876346054759,988.9393331555939
1906,2,27,1,10275.219985704085,16343.442159569378,14086.79401990742,5933.150475733584,489.53247249351546,2416.1245048068295,757.9194378084985,1898.7561202038364,3732.0398376076346,8554.554086630049,2948.362746966589,3384.800338907101,1105.645151132609,195.26671602107479,870.8980255206405
1906,2,28,1,17005.700252323688,15652.66978628226,9946.115709228689,9770.184308871629,485.9023478502441,2416.1245048068295,596.9929729430356,1653.6852668836173,3140.944835197827,3372.268132804775,3978.1681716168932,16422.38115218556,1048.1097346185836,202.77586891924332,971.042483283199
1906,3,1,1,3418.9391690540456,19732.483649237576,5654.779594653354,3671.420714007343,83.37089460711658,1016.4643256576538,586.5419894450704,1100.7373666669548,755.3315156163692,373.9818147819744,2160.5271938097735,2886.5947624276478,428.4570370352303,132.3533922093209,953.6171426285148
1906,3,2,1,3976.745444848769,17049.694025814504,2817.841063276919,3671.420714007343,84.33505571237028,1025.3703115383055,700.9319994893712,1160.1951032368777,352.21769245108413,345.3902514460562,1938.052525232794,2709.585698126339,379.536640064209,132.3533922093209,834.4073121496435
1906,3,3,1,4858.254334990557,15476.590553875916,3003.800247599915,3795.905475531829,84.33505571237028,432.9511808969522,545.9834556714168,1815.4066904003091,751.2557081820228,355.6889429755106,2246.3443125306885,2647.7368718002185,398.09206677221016,138.89058794739015,834.4073121496435
1906,3,4,1,3407.777009938725,14077.631377723925,5170.205454591679,3795.905475531829,104.57663072322583,1014.6810549108985,507.0439421814781,1735.3152187650003,1448.5584300741875,412.8720696473764,2410.333372358074,2610.361967547971,413.26605582923287,138.89058794739015,806.4652658998369
1906,3,5,1,5154.302951529127,13268.827870626266,4695.0835967206685,3795.905475531829,110.36159735473318,1020.0308671511875,445.386253044017,1223.1822944890766,858.1427289033919,540.9612318053444,2485.0649835381255,2566.5365722065003,401.47350442322085,135.6219900783575,677.948253471306
1906,3,6,1,4511.32236248444,11501.263268392473,5526.884429501725,3795.905475531829,124.33612518145206,982.6132850286087,363.4492970197062,999.1071715862256,1572.7882172775194,320.2359252324742,1555.2393691391844,2581.1450373202997,463.88566770025494,132.3533922093209,860.4838219293803
1906,3,7,1,4983.149845092747,10840.482412713543,5233.092066717546,3795.905475531829,156.6239058085241,1063.6380576215677,333.4351517604118,853.2592442557585,1153.37116437478,391.14196071857634,2091.3383364001197,2503.169983271121,414.96527072923357,145.42778368546337,1065.3648272269963
1906,3,8,1,5297.600940172941,11306.802138097679,3696.4210477160586,3795.905475531829,135.90605844447168,1061.8755225811537,283.9408714209793,775.8555881092046,1201.2310243992797,411.7263239399309,2412.2446667616173,2214.036206212998,420.028931131222,176.4729314711372,1056.057645277309
1906,3,9,1,4934.981608910104,11408.386310639928,2766.335770523503,3795.905475531829,125.78236683933015,1041.4508518187529,255.54574644535418,771.3487459765034,1021.0206396318606,432.3106871612856,2842.4770370080614,2409.068701498956,433.5206974372348,142.15918581642674,853.0421764497905
1906,3,10,1,4644.564351925091,10944.001521875542,3039.1016280263807,4292.414926311951,120.47948076044719,1324.7006006658326,255.54574644535418,905.4408742499896,1195.0555585896868,416.30930676974197,2605.476530963868,2446.253885425037,447.0124637432475,140.52358048787843,853.0421764497905
1906,3,11,1,4870.321534034288,11100.731388083557,2698.626565443211,4292.414926311951,116.14656398624547,349.21003077112033,228.7800200886015,855.9561096283277,1129.9043942982855,511.2369425995349,1845.1445042746366,2525.936422409569,425.07559938423566,151.96236663546858,862.3493583994776
1906,3,12,1,6910.884892322693,11067.837465546156,2193.99043869109,4292.414926311951,117.59280564412354,951.4267826665144,195.51745592674263,1249.245959834796,2014.5398715249294,468.9094506117968,1972.8380833779888,2673.728556483278,435.2029201882447,138.89058794739015,799.0236204202472
1906,3,13,1,6471.538287140148,10388.67471197836,2229.2918191175563,4292.414926311951,122.40780297094963,1314.8511401458927,187.40159783794434,1292.5044044016752,1497.4475344002522,388.85046930368554,2528.833625380205,2995.304509313684,447.0124637432475,145.42778368546337,799.0236204202472
1906,3,14,1,6875.789455103984,10641.183940868961,2063.298169625839,4292.414926311951,131.56733347084244,1356.7372669885876,185.78257755425224,994.5822296859269,1644.0119229483228,492.9310509555169,3208.872174174882,3471.3128076331886,458.8220072982504,137.25759540690584,1044.8644264567795
1906,3,15,1,6581.550918421908,11003.017088781222,1980.3495708095263,4292.414926311951,139.75689466604905,1407.5397475651048,155.76843229493502,991.8672645457289,2053.2394572651274,439.1721415684038,3136.0518573983736,2824.7459361015995,472.3137736042632,160.13255491402612,709.6213726613074
1906,3,16,1,6566.768599593273,10150.677507736711,1301.1355791067851,4292.414926311951,143.13145853442958,1404.844105738596,140.34622625920738,929.7850616736272,2059.311998644598,1486.8654521690326,3181.5406642036282,2586.0777658002644,504.36096661827713,174.83993893065292,834.4073121496435
1906,3,17,1,6128.327034339139,10044.255993645087,1315.4104542519503,2665.7553923276937,140.72105577130276,595.0940367614978,131.42085802856303,1004.4466030285712,2381.0537673252625,2676.2276155284167,3137.772022361617,2045.1851159362661,1221.2597329286882,181.3745218806581,836.272848619741
1906,3,18,1,5790.6465810998925,9511.567942200221,1362.1896059099595,2665.7553923276937,135.90605844447168,1297.1221112100006,112.77098976058576,1061.1893744583274,2469.5687772630363,1529.1799243192163,2011.0639714496701,2011.0354572286303,1052.5786698055872,183.00751442114242,836.272848619741
1906,3,19,1,6127.421994410891,9757.88537390721,1237.1879965309704,2665.7553923276937,130.60317236558873,1184.8382612827068,431.593445627116,1131.4164727509917,2280.290750198494,1022.4608653615156,1289.0533975522362,2019.1934312532067,791.1204731424319,169.93573573306796,828.8312031401513
1906,3,20,1,5447.535888290838,8802.607164687035,1144.6906636649003,2665.7553923276937,150.8447473764443,1114.4405381981078,819.3799385780825,1092.6829700844112,2303.654595844866,895.5174489110224,949.9133185805223,2121.45268705002,723.6446494633934,176.4729314711372,841.8694580300057
1906,3,21,1,4948.858887810329,9329.877393596189,1437.5185078582242,2665.7553923276937,264.5809085995629,1123.3568919319302,1136.635265836662,984.6273575052636,3007.0401515594453,1275.2149723926698,1757.6263335345827,2188.0445215299387,1001.9760500835558,174.83993893065292,884.6947952390194
1906,3,22,1,4754.677543198808,8450.255206211963,1113.2473576019297,2665.7553923276937,240.96476972032687,1136.7314225326982,3367.562190090259,987.3423226454302,2344.4126701882624,1353.0215217986408,1589.8911366761897,2244.9606193760224,1133.5462597906385,176.4729314711372,806.4652658998369
1906,3,23,1,4167.206069755021,8293.23509951119,953.9088863874046,2665.7553923276937,211.56366420957852,1135.7983157466033,8328.510176052536,941.4594117764034,2522.4719343653737,1213.4618827286058,1146.8339809816698,2337.5441385390004,1023.9129144425677,160.13255491402612,974.0970429979591
1906,3,24,1,4416.092050031315,9159.215983725147,1190.5052967320541,3458.191073904918,187.9533335297749,351.8849368912648,3390.2907440729387,937.8394582561394,2712.882130161671,1189.4402823848854,1321.8703224617775,2652.6696002802555,936.1994413045181,161.7655474545104,1100.7485189563927
1906,3,25,1,5669.471790702811,10373.195219019533,1274.4184141392218,3458.191073904918,172.05048349255358,310.0195457549342,1753.9386406719968,1015.3064635893005,2176.4400001668946,1046.4824657052359,1775.8600821447308,2780.9205407600557,1032.3410203465762,153.5953591759529,981.5386884775489
1906,3,26,1,5432.6530094702475,8799.221025602266,1721.7621365927203,3458.191073904918,167.71175851891934,1055.65481067384,1099.2732592898087,1110.692238847618,2105.1133700659007,1020.1693739466249,1500.5381233086716,2940.0958944030253,1057.6423302075916,147.06077622594768,869.7910038790675
1906,3,27,1,4789.772980417517,9143.059262949615,1728.513766728931,3458.191073904918,162.89095299266074,1126.052533758439,816.131519675518,958.563692159513,2638.570691586037,957.2705385750863,1542.4910354673239,3097.7534854366636,931.1357809025136,142.15918581642674,985.2697614177163
1906,3,28,1,4283.855660510705,8416.297068533491,1800.9491129045552,3458.191073904918,155.66555290270287,1134.0357807061894,1541.3903367609691,839.7568176252527,2678.299521627868,844.0500309388295,1283.5870955579855,3136.64615229817,843.4223077644639,148.69376876643196,942.4444242087301
1906,3,29,1,4489.199164237548,8755.878445317388,2571.6959188825113,3458.191073904918,155.18347235007852,1127.8150687988527,1142.2395668186857,879.3591091366728,2801.397140099444,857.7729397530659,1351.0366750604271,2959.637087996789,863.659957223475,145.42778368546337,989.0008343579111
1906,3,30,1,4151.518710998302,8457.898205860592,5351.438497819342,3458.191073904918,157.10598636115344,1126.881962012758,984.0633607685044,1363.5459922363552,2505.180630098472,941.256138345959,1522.4224442297113,3019.778431387557,963.1829739165274,143.79217835691105,1072.806472706586
1906,3,31,1,3923.0464091043627,8958.853296739908,3124.0757158835713,4139.998071653836,177.34756137200404,525.5983169034588,718.7827359506598,1256.4858668752613,3446.8362416338487,1899.7245019788545,3765.058845617466,2722.4866803047858,1238.1329368856955,148.69376876643196,1244.1693227448757
1906,4,1,1,3642.0817913704554,8199.293926617573,4879.885358734624,2077.7518412045533,318.3125615193377,1002.3018382152954,1467.2890237763659,683.4381747374821,2397.727525011225,606.0864594038557,3161.663202406384,1351.7383518121005,522.4915896012822,111.44324932691539,777.3341964053402
1906,4,2,1,3606.3829941995277,9374.574429514892,4478.356269348279,2077.7518412045533,335.9985287813334,936.2275099062856,1074.9879550343585,999.5596657762272,2422.635237109979,628.6498379380946,3204.8584559273595,1510.173796182992,525.2783020372917,118.95762780121198,738.0554285295972
1906,4,3,1,3464.392285452108,7747.873213206341,3083.5659350663077,2077.7518412045533,232.4209083599364,1016.5369006299173,2319.1427730447763,628.6501782086698,2337.1050356469136,621.1373916517373,2631.6612642929135,1331.0778082939257,490.5293573322706,105.18300912370825,747.8751204985398
1906,4,4,1,3568.6729971878704,10146.807634497209,2741.7405464559106,2077.7518412045533,180.88475482440518,1043.9391365816875,1814.8594680136914,746.2986676164669,2894.5437493943614,534.0867575606425,2871.1464530618223,1374.1253502982156,491.9227135502755,96.41710516638221,697.1571289929981
1906,4,5,1,3770.4969011936787,9159.893211542267,2388.91964590936,1995.4951259922707,159.66159411001328,979.9383789084415,1386.338009591509,634.9398474500595,2872.414996909935,513.6716522278748,1191.4053664732262,1363.8045645554585,603.0853523083259,91.40839044620849,759.3348445290833
1906,4,6,1,3680.6968283101987,7361.563117052796,2159.267769419107,1995.4951259922707,139.9543734466448,981.9704781315222,1219.2468136458408,662.7772900207156,2114.1707199199427,408.35418600551276,2969.960373727077,1320.7570225511686,628.0977956363525,88.90533948014965,739.6954605912255
1906,4,7,1,4221.4079054596905,7843.072094903,2482.6708529435646,1995.4951259922707,133.39110809161946,1089.7650476323583,1409.1703469256947,965.4416038479959,2263.1023703617147,757.6113292142229,2928.294155728977,1709.9113555575004,619.7716426263376,90.15686496317906,849.3521043111405
1906,4,8,1,2952.6424860075035,7507.941072344529,2883.331875598147,1995.4951259922707,138.43843339561644,1053.1665259109054,1063.5717863672542,314.3296140462108,2930.9789976710485,1068.173515121285,2714.9937002891143,1961.328731776363,619.7716426263376,115.20043856406369,814.9729322194825
1906,4,9,1,3680.6968283101987,7791.022299828833,3252.6460440488518,1995.4951259922707,144.50219359972982,1073.4875181415077,902.7594831884775,720.253102038314,2516.811090706529,1236.897590381005,1651.8935271284174,2366.0021874620784,619.7716426263376,137.74096119888947,846.0720401879112
1906,4,10,1,2996.0844025646743,7749.5179093329225,3339.934976524124,1995.4951259922707,148.54470040247043,1030.7615951913458,789.6563867030136,892.6895879749549,3040.593515791615,1276.6601743645674,1923.9089466462474,2409.068701498956,619.7716426263376,126.46939348744458,793.7140166207412
1906,4,11,1,2916.943688836576,9978.46814857028,2825.364308285799,1995.4951259922707,145.00750695007426,1023.6492479106201,846.7268517033319,812.7610142480555,2849.3599245540668,1505.6140182909517,1619.4397481555752,2460.6726302127427,619.7716426263376,97.67124343747567,751.1551846217689
1906,4,12,1,4394.270531760611,16459.538356760168,2905.3228994703777,1875.0792126801223,140.45968679698922,1055.1364180148935,831.1697273106261,978.0209423308069,2992.5278069068713,1285.2532671704519,2093.8230191247667,2739.561509658604,619.7716426263376,82.6450992769465,764.2549407139408
1906,4,13,1,4851.014015564255,14752.924258051804,2407.3419509953,1875.0792126801223,132.88579474127505,994.1734413230636,1910.3401514112159,1014.8539693992676,2856.050012514476,1667.841194595924,2574.3224321854595,2796.4776075046875,619.7716426263376,82.6450992769465,891.8904359093677
1906,4,14,1,5374.3282140924875,13504.890138248165,2653.583547248801,1875.0792126801223,122.27421438407661,1006.366036661434,2332.634608742248,867.5399608930848,2342.868803735881,1666.7996075891472,1308.8352946293646,3049.564522593655,619.7716426263376,76.38224628567531,787.1538883742829
1906,4,15,1,5095.27423620703,12203.645261398508,2504.7583286748886,1875.0792126801223,110.6520073261943,1044.975921899581,1666.449275341427,691.5197209714377,2806.1316638867784,1626.9589045800542,2025.7809383572526,3352.737603787151,619.7716426263376,70.12200608247217,1006.4466754133678
1906,4,16,1,4243.63166369854,10729.223557072133,2452.3849691897103,1875.0792126801223,102.5669937207131,953.5107211554717,1361.4300052269323,1051.6869964676969,2843.5961564650993,1726.9512572303104,2653.2588910534014,3533.54107461157,619.7716426263376,66.36481684532386,962.2683117535397
1906,4,17,1,3521.4098009334753,11239.07935640271,2275.9745189164723,1875.0792126801223,95.99792016625527,864.0568839280792,1053.1934512153455,1194.4036640031595,2957.945198373,1836.578289693198,2464.6141334197773,3955.289359651176,619.7716426263376,53.84433643891356,885.3508080636543
1906,4,18,1,4271.687901475019,10059.735486603915,2231.7995674538242,1875.0792126801223,87.91290656077408,918.9442986570766,902.7594831884775,1187.254255800682,2838.7587082475743,1990.2123731922854,2528.069107618733,4012.2054574972594,619.7716426263376,52.59281095588413,829.7127203732551
1906,4,19,1,4736.07394467311,9897.200810536235,2231.7995674538242,2691.5980769197613,84.88102645871739,1079.6045515170458,770.9857617647443,1462.0992268249038,2769.5934911799,2006.3569717972782,2663.9621397134615,3834.816952543546,619.7716426263376,47.584096235710405,734.7958648071403
1906,4,20,1,4243.63166369854,12193.970578299342,1651.1593757397134,2691.5980769197613,79.83370115472042,1077.5309808812824,739.8507563090178,1937.1276275184032,3630.659273899859,1897.7715263411374,2796.9882302028063,3740.146509792882,619.7716426263376,48.83562171873584,765.8744723747967
1906,4,21,1,3468.314125141288,8280.65801148199,2005.8128616089557,2691.5980769197613,74.78056765129094,1059.179880754645,739.8507563090178,1339.020807136742,3250.0447311675766,1820.4336910882055,2653.2588910534014,4132.677864604816,619.7716426263376,47.584096235710405,831.3527524348835
1906,4,22,1,4468.584365871283,7979.678620264376,1826.6053074220958,2691.5980769197613,70.23274749820591,1159.8517351216076,558.2610261561315,1426.171188136509,4207.24193165716,1461.4767688789457,2356.4348701770386,3927.779912358857,619.7716426263376,36.31252852426151,904.9901920015396
1906,4,23,1,3859.3919341489113,8440.096788957657,1365.3725172598788,2691.5980769197613,69.222120797522,889.4684920695199,558.2610261561315,1542.9146891642713,4064.074049304356,1160.5883222972661,1724.5227144645576,3039.3196249813213,619.7716426263376,38.81819227838438,1145.5623950401107
1906,4,24,1,3310.9377376130146,7404.712203675699,1493.074778693322,2691.5980769197613,66.1902406954653,1174.0556939766718,598.7261549134138,1643.4588981889276,3704.6619391850577,1076.7796277647533,2402.879324184065,2827.4020206677114,619.7716426263376,31.303813804087785,1189.7407586999389
1906,4,25,1,3062.755677281058,7770.70546532063,2217.138884872362,2691.5980769197613,76.29650770231929,1134.4504948333376,543.7313569434637,1920.1138459732501,3383.6406415154543,1437.910862850681,2390.4559105608296,3659.1359305253304,619.7716426263376,48.83562171873584,1243.7388143287099
1906,4,26,1,2832.976095490888,7586.886486434462,2470.7108224166313,3730.254059780879,183.41132157611742,1131.4438174114564,487.698725458318,1726.0843372883962,2849.3599245540668,1301.3718261002773,2548.1376988563457,3674.692997269889,619.7716426263376,125.21786800441514,1214.2797384219093
1906,4,27,1,5164.761190700275,13656.782662906393,1766.9016066462234,3730.254059780879,121.76890103373714,951.4786219324138,477.32039030643205,1765.6323294970236,2967.5171703779274,1172.410334824149,2752.072811718656,3352.737603787151,619.7716426263376,102.6799581576534,1103.0035630411385
1906,4,28,1,4681.972668960559,11948.233627578282,1826.6053074220958,3730.254059780879,99.02980026831197,1082.611228938927,437.89309506432227,1716.219963945752,2840.7142724205814,1176.7199010646748,2974.5474802956355,3406.049015436363,619.7716426263376,91.40839044620849,1251.9184742360242
1906,4,29,1,5879.340494071052,10767.9222894692,1551.9104127374324,3730.254059780879,88.92353326145799,1068.4072700838628,375.63346248804964,1224.0872828691113,2630.2338127430558,1378.8008002162946,3106.0445352621728,3735.024060986751,619.7716426263376,91.40839044620849,1381.2145018938245
1906,4,30,1,6113.946955478811,9711.44689503073,2188.6855864411996,3730.254059780879,84.88102645871739,1089.7650476323583,357.99029272981835,1461.1942384448378,3144.3413413930925,1792.4410402811918,3758.1781857645606,4594.267418136616,619.7716426263376,100.17429440353051,1556.308424872309
1906,5,1,1,4644.06155196499,9167.729704852873,2669.7874595756766,2681.590909694798,139.9543734466448,1494.733392799524,984.488872509731,1684.9978648336628,3133.019654075471,2805.384404368328,3769.6459521860243,5663.151735686238,1351.1986963317495,62.80358671303304,1779.1887820462093
1906,5,2,1,4623.848993566871,10602.485208471895,3811.005856313453,2681.590909694798,135.42397789184733,1415.0046018539088,1131.2385315576732,1694.0477486342913,4747.080567847203,2071.195762968921,3829.0872081374578,4536.212998333606,1364.7754233827645,56.645245244354655,1704.1573152271662
1906,5,3,1,3875.2804128897046,9625.245468616524,3188.9878170503157,2681.590909694798,137.43361489436006,1376.5398665602434,1643.8245047102757,1726.355833802422,5216.621818237884,1848.1659451435469,3523.4712330045777,3830.2636647159143,1254.6832900117001,64.0342098915423,1675.5797565534974
1906,5,4,1,3670.339149131008,9426.2372372647,2579.412067609577,2681.590909694798,139.44906009630034,1286.3395439039657,1354.7878707297134,1684.2738741296348,4235.134452230554,1503.7912410291003,2973.5918330938634,3367.346068901022,1232.0667396926847,46.79503424014846,1666.6415818176583
1906,5,5,1,3419.944768974411,9414.337377052616,2333.2669232151693,2254.361847395644,140.95919194790116,1040.310387969084,1932.8611386908385,1804.6373286775988,3815.6144748976926,1427.7553895346462,3635.2819556141717,2956.411842452178,1066.1723890055932,49.256280597167006,1586.2595103976198
1906,5,6,1,3580.2373962714987,8539.649278048959,2781.285808682244,2254.361847395644,139.44906009630034,1119.9355003829007,1657.420123759277,1785.813570372345,3395.0652532632666,1436.3484823405308,4082.333716612177,2917.898616243004,947.0404323665284,34.480964090855714,1396.8973084830457
1906,5,7,1,774.0002026615335,8494.75874846869,3319.680086115493,2254.361847395644,131.89840083830623,862.5224416576035,1377.4126413608647,1872.3304595061034,3693.031478576933,1724.3472897133836,4015.8206713674704,3425.9696496824595,942.5205207325203,62.80358671303304,1332.608051667649
1906,5,8,1,7754.8849054368975,8589.18365551745,2752.4467028147096,2254.361847395644,119.81734602551464,826.6185660991362,1210.3214454151964,1701.5591521887827,3843.8157687615894,2223.1372675819925,3680.5796329790583,4340.042181090722,892.7505163114905,71.42317453872997,1191.483292765402
1906,5,9,1,4398.896291393966,8131.667891753388,3495.6082770933403,2254.361847395644,112.76619191843247,841.5068032640155,1038.6637820026776,1802.374857727465,3452.600009722816,2574.9332791197116,3561.8882505166275,5731.830493753842,873.1585685144852,67.72869221513814,1146.8129194870905
1906,5,10,1,4569.546597870246,10589.908120443104,3056.2700589441865,2254.361847395644,106.72566451203915,884.4089797182164,1027.392910027709,1761.0168887587058,3173.468955128432,2574.9332791197116,4124.191064050645,5676.621878843184,835.4529898834658,67.72869221513814,1080.7196274038865
1906,5,11,1,4553.859239113363,9623.407278827555,2797.6826247273802,2254.361847395644,101.19045045598529,1033.2706156606218,984.488872509731,1675.2239903290376,3679.8571515164267,2574.9332791197116,3987.9157730751813,5807.339183563003,877.6784801484933,52.95076292075883,1053.9256035971976
1906,5,12,1,4403.220371051292,8541.487467837927,2509.29156605211,1635.7869502443566,93.63979119799117,1055.1364180148935,1788.3947133763215,1551.1500834227907,3702.3976017215473,2574.9332791197116,3867.5042256494394,5969.929503076679,954.5849465225305,44.33117509506191,1061.0802434660286
1906,5,13,1,3904.1411306026375,8684.576030876085,2351.592776442016,1635.7869502443566,86.58863709090897,1219.7779264955443,1914.8028355265383,1733.1432466528545,3887.2498782891907,2253.8640842817986,3844.759822246812,5480.261341274134,1075.2292044226003,41.86992873804336,1248.6384101127949
1906,5,14,1,3146.8238306188637,9453.810084097584,2213.0879067906058,1635.7869502443566,81.55292818577205,1373.9479032655331,1524.162300408807,1784.2750901262705,3807.071747194398,2284.4607026057683,3967.0826640760974,6085.658902030436,1143.0958475286373,39.40606959295681,1300.4429228591648
1906,5,15,1,3781.558500317045,9416.175566841584,2865.8740891030625,1635.7869502443566,76.52302748005768,1454.5061224654446,1289.3005759211912,1748.9805433039157,3807.071747194398,2321.1766445945323,4073.5417623556605,5877.725424566032,947.0404323665284,46.79503424014846,1373.6908548111724
1906,5,16,1,3241.3502231278153,8504.820418891806,2605.357617704471,1635.7869502443566,74.00226892777295,1828.370908095973,1122.2093799755232,1843.7328266961933,3465.7743367833223,2210.8986202524047,4328.508435793624,6268.549296442541,1001.3303484215502,48.02565741865773,1237.916700509976
1906,5,17,1,2620.5933923218154,7091.929699076786,2935.1265239287673,1635.7869502443566,72.4921370761771,1908.9291272958842,1101.8678430777745,1961.8338102940236,3465.7743367833223,2185.2495402106165,4310.924527280658,6474.775290971521,741.9451939364031,55.414622065845386,1395.113773616038
1906,5,18,1,2943.692646716662,12082.711722657932,3158.2196740009963,1635.7869502443566,69.47187337298044,1689.9600681578884,1056.7220851670006,1922.738312275429,3478.948663843828,1997.6336806155575,4607.748548157021,5783.813863119962,654.4866030333609,30.786481767259883,1011.0592655866666
1906,5,19,1,3233.506543749456,8454.415319944632,2377.53832653691,1196.9011876611469,66.45160966977882,1200.4937195828354,867.0787669362379,1776.03969586772,4032.3733248150024,1915.6087038321457,4606.028383193778,5850.97485857838,695.1997920373835,34.480964090855714,984.2652417799779
1906,5,20,1,2579.4643555812413,8345.284894584946,2231.413760017452,1196.9011876611469,62.42652746532579,1211.068929825296,839.9809338546072,1609.793330450698,3993.7766635049265,1759.8914463195051,5482.547996676824,5475.328612794169,737.4252823024112,23.397255841264226,1012.8428004536744
1906,5,21,1,3285.998859589424,8223.383887534495,2242.8915312490703,1196.9011876611469,60.91639561372994,1225.8949598710824,758.6874346097376,1933.2361774841447,3836.3022853599286,1671.7471458713287,5690.30569834622,5203.649105742124,766.0740455164237,19.703034796476405,943.1824386364547
1906,5,22,1,2656.493309476816,8172.011320277446,2120.879929501815,1196.9011876611469,57.89438945070204,1140.0491355499291,729.3375028001308,1708.3465650392152,4273.73111354063,1370.20770741041,5485.988326603243,4799.544811034835,732.9053706684031,27.09199944366806,1055.7091384642054
1906,5,23,1,2174.9115076413764,6429.02041311572,2407.3419509953,1196.9011876611469,54.87354492756164,1055.1364180148935,677.4043137000027,1436.0355614791845,4231.326248314594,1208.4232055833395,5925.968298307975,4004.61664445111,643.9344785043556,16.008552472884578,921.7390194308167
1906,5,24,1,2651.264189891243,7584.274321998005,2217.9104997450313,1196.9011876611469,53.363413075960835,842.3777029310404,672.8897379089162,1378.8402958593954,4362.4519723386475,1160.614361972433,5800.3962559926385,3815.0860386236154,547.4190721843063,19.703034796476405,891.3779258901124
1906,5,25,1,1716.9613039332958,8672.57942383281,2097.7314833205423,1196.9011876611469,50.846139443333634,805.6029277055482,756.4353358817617,1333.6813756943964,5090.230618001233,1096.8952768330687,5925.968298307975,3927.4004717065245,533.842345133291,13.545738443026027,839.5734131437426
1906,5,26,1,1779.1073790082808,8833.082416449544,1610.3602393452454,870.5905579159643,49.83957848225097,873.9063444480192,657.083533472569,1524.8149215630453,4370.89177561182,1228.0310809858354,5971.45710511323,3992.853984229589,533.842345133291,13.545738443026027,718.1085385801806
1906,5,27,1,1896.4608897083003,9073.304797804112,1527.7009961062122,870.5905579159643,48.328865810706425,999.1189072893749,652.5689576815054,1740.6546502073772,7598.190207714033,1283.1831129944824,5960.944985893538,4323.157072063071,518.7703089702777,17.240220766617853,616.2830479544764
1906,5,28,1,1168.9093473655446,8099.547943863884,1867.0186363802663,870.5905579159643,46.31516306859242,923.8171896511703,1302.896194970192,1752.6909956621673,8565.474002359291,1137.3348923710373,5941.832041857697,4396.958278936806,494.64145739027344,17.240220766617853,907.4502400939547
1906,5,29,1,1247.647821125659,7326.63751106486,2018.930314445005,870.5905579159643,55.37711581807484,875.6585116352396,1499.358079395759,1584.9966488370585,9223.572808803385,1142.2303513028842,5866.71817179691,4266.240974216987,517.2580077092889,20.93444181140568,752.0367018549003
1906,5,30,1,1698.5588253916715,6990.152032872564,1846.8601978307277,870.5905579159643,56.8872476696707,783.7060217917417,989.013826635975,1654.9522506156968,10068.273607127885,1017.226890652495,6207.119705074984,3818.5010044943933,529.322433499283,18.471627781547127,730.6137830500072
1906,5,31,1,1693.3297058060982,7689.728367779753,1521.9138845608568,870.5905579159643,48.328865810706425,734.676444108809,876.107918518388,1809.1622705778975,10456.092859971392,965.7594726803021,6086.70815764931,3295.25234496264,542.8991605502982,17.240220766617853,850.2951227465617
1906,6,1,1,3544.8402790766,9578.903736570828,1073.412739798317,1265.0818874360539,46.384861461742695,484.3653648110439,307.87331228125936,987.3423226454302,3922.450033403932,1651.0456041116922,2743.663116342875,6846.816850558859,959.1558346035272,0.0,1249.5609281474713
1906,6,2,1,3508.9403619215987,9690.162592212238,1156.843597910094,1265.0818874360539,44.856143371971775,499.41948762676867,315.3872269312461,1170.511970769586,4111.316362747848,1669.6639718577753,2092.867371922995,6152.250736510356,937.7627190125279,0.0,1263.1526938581262
1906,6,3,1,3292.0324591112885,8701.50672629952,754.7165069973732,1265.0818874360539,42.81688455237264,344.64817537239924,315.3872269312461,1205.7160187539218,4117.285979697129,1739.4503013115996,1308.7397299091808,5532.8138716186795,924.5938035375179,0.0,1565.8411112304652
1906,6,4,1,3290.3229392467497,9384.442606276032,678.2976990413578,1265.0818874360539,41.79754555254247,288.0396970157164,315.3872269312461,1194.8561581931926,3588.4602575342037,1612.637083236913,3472.8219313096615,4381.021771539914,876.8968412944804,0.0,1072.9909763135101
1906,6,5,1,2543.6649984183578,9125.06435238511,917.1317925168903,1265.0818874360539,40.7782065527123,261.52909643731243,230.2745003504729,1255.3998808191884,3526.91144829845,1531.2630983327401,3902.480913235002,4394.112474044527,842.3348102284712,0.0,1525.086314499273
1906,6,6,1,2697.2201062492445,8748.138698837975,884.1259663366878,998.0884664949493,43.83622355220282,286.6089332770164,379.21398811546936,977.3874504647669,3371.804332047085,1498.7135043710828,3719.761168252511,4009.1699322787417,704.1376624113905,0.0,1263.1526938581262
1906,6,7,1,2787.321859108915,7598.496106153788,946.6557065839104,998.0884664949493,43.83622355220282,530.2327472744205,449.2988853962691,999.0166727482066,3610.383161158317,1444.030186515475,4255.305860136379,4646.440507828902,638.3270693343549,0.0,1076.886052459857
1906,6,8,1,3155.2708699494424,9357.643734091049,959.6863527467758,998.0884664949493,41.79754555254247,469.32160984846695,480.5791875441312,743.6561015466904,3055.7234070251975,1141.7746569874284,4522.122558876542,4446.665004389073,623.5269075553397,0.0,999.271535143792
1906,6,9,1,3058.431597623732,9779.169676725696,1299.3029937840931,998.0884664949493,39.248907642997644,474.33965078706467,419.25360513150247,736.4342942737915,2647.1134192893314,1010.391475920544,4373.997242598878,4146.717168740189,639.975307787351,0.0,968.2134279769081
1906,6,10,1,2804.8192977221297,8912.414817863428,1248.8586714806995,998.0884664949493,37.2102296433373,384.056385305353,524.3861402203036,983.7223691251976,2460.305578548612,867.3815798905598,4096.286165758288,3812.619674383597,549.4921143622986,0.0,1096.2794315885008
1906,6,11,1,3207.763185789572,10338.36635986238,805.0933129994016,998.0884664949493,35.17097082373816,224.99278183492927,623.2605392125055,757.1947277123915,2042.7411653888264,672.0449566077766,5308.046817629746,3486.4904337254875,570.885229953314,0.0,1090.4573177697393
1906,6,12,1,1990.5850422491062,8543.325657626896,1037.8220037945719,998.0884664949493,34.151631823907984,346.0789391110992,648.2827052637682,758.0906662086429,1641.1300389038734,656.9289251719769,4697.579385125391,3678.297683466834,556.0680760253081,0.0,962.3913141581467
1906,6,13,1,3680.7973883023164,9131.15940273753,747.7719731429767,789.2795749908066,32.11295382424764,290.9115923462642,630.7640755273349,768.9233771179603,1256.5014433953186,705.7533161144923,4545.822609480941,3542.268209614645,480.40203652826165,0.0,1107.9236592259683
1906,6,14,1,3091.817514978064,8315.099883315605,954.477952356053,789.2795749908066,30.583654914532982,216.38746369645656,713.365245001356,752.6788356958758,1898.646963164579,895.2830918344882,5161.832795755627,2981.8343661568106,539.6196757932969,0.0,1030.3091419099035
1906,6,15,1,3909.370250188211,8591.699073123127,853.7243403519217,789.2795749908066,28.544396094933848,212.0951724804023,710.8640662297386,675.9629707181858,1524.825432822829,1008.0609249928731,4904.190310152717,3160.550913393544,493.55395985426463,0.0,1036.1312557286649
1906,6,16,1,2607.922833326028,8597.794123475547,675.683853660087,789.2795749908066,27.015678005157987,255.7956736293875,727.1269174127847,592.0343483514423,2286.260367147774,889.4632244341466,4615.3937257713305,3047.4775990059693,498.4986752132689,0.0,960.4642764857595
1906,6,17,1,3241.149103143742,7795.5694008854525,548.0201729702809,789.2795749908066,26.505718095273505,208.5078952805045,712.1094664479687,766.2174618615767,1728.615804540014,904.5792558699463,3016.0225688533674,2927.7640732030054,440.91228225223887,0.0,787.7689003974004
1906,6,18,1,3162.7123093596565,7015.789943085697,615.758313608226,789.2795749908066,25.486379095443326,250.7880005439833,103.87675653541378,775.2401960107621,1728.615804540014,819.7029346554898,3992.1206207630717,2942.5622586429713,429.39160523024117,0.0,807.1827799267891
1906,6,19,1,2729.7009836751668,8272.724771340601,957.0821525514144,789.2795749908066,24.976419185558846,211.36942275788164,65.07942623704744,843.8292653355185,1728.615804540014,640.6541281911482,3474.733225713205,2741.07927226779,389.91884310320927,0.0,845.9900385848215
1906,6,20,1,2149.067589689538,6842.032634623055,980.5295994958749,637.3025958151613,23.447120275844192,224.2670321124086,65.07942623704744,884.4451438326212,1325.0491138819855,624.3663113727358,2840.565742604518,3080.109495104347,366.87748905919767,0.0,809.1098175992038
1906,6,21,1,2699.7341060500758,7223.311895564836,1102.1553938067584,637.3025958151613,22.9377411858985,230.00045492033354,20.023959842086228,760.7965814650265,985.1000135059211,616.2289128823069,3372.4789751215317,3266.9840163657286,353.7085735841878,0.0,636.4349419115895
1906,6,22,1,2859.021133426799,6564.5627233364385,874.57723228693,637.3025958151613,21.918402186068327,237.16464146693556,43.8028013421186,1040.5556393929728,1501.9762093272732,533.6831425955214,3568.004392608061,3053.928090095193,355.3568120372,0.0,665.5250106045414
1906,6,23,1,1730.2352228813022,6820.458091311809,797.2807124132429,637.3025958151613,20.898482366299366,215.67208182710655,1.2515234359682688,846.535180591902,1501.9762093272732,572.0526039575204,2059.993108181344,3040.83738759058,335.6119348991806,0.0,795.5385522892939
1906,6,24,1,2289.248218580463,6478.167803260261,692.1867667501508,637.3025958151613,20.389103276353673,208.5078952805045,7.509140615809612,888.0560474690394,1205.7596993263007,582.5075335380075,2745.3832813061185,2849.2198581753996,319.1635346671693,0.0,613.1464866366266
1906,6,25,1,2497.8096420523116,6702.910691655591,616.626380340063,637.3025958151613,20.389103276353673,197.75643153400466,7.509140615809612,972.8625085644683,1542.7342836707376,530.1938261228214,2699.703345060496,2762.3279487970517,304.3633728881704,0.0,737.3174141018726
1906,6,26,1,2549.49747795615,5986.306914494186,734.7413269801111,637.3025958151613,19.87914336646919,240.75191866683338,13.766861579002484,799.6115330857805,752.4908013439688,495.31368123349296,3085.402555703457,2762.3279487970517,304.3633728881704,0.0,308.5105311911004
1906,6,27,1,2216.6439043341693,8214.77341957599,1000.4951343272277,489.8783278825471,18.349844456754536,269.40866485326444,13.766861579002484,783.3669916637273,1816.1015701761544,477.8670988700517,3664.907018869704,2762.3279487970517,314.23581145717196,0.0,630.6128280928557
1906,6,28,1,2826.540256000877,6768.601789899616,923.2082596394499,489.8783278825471,17.840465366808843,255.08029176003748,13.766861579002484,766.2174618615767,382.70390866451623,283.702260969881,3037.811325054223,2501.8419409881008,261.5941338551463,0.0,617.0210623822009
1906,6,29,1,2141.6261502793236,5968.98923174639,714.766146962849,489.8783278825471,17.33050545692436,252.2187642826604,13.766861579002484,720.1897528517381,1343.9872090314586,353.4625507485378,2840.565742604518,1962.8464943855495,306.0116113411664,0.0,562.6950003410988
1906,6,30,1,3164.421829224196,6113.335503587181,977.0573325686765,489.8783278825471,17.33050545692436,295.2038835623184,2.5030468719365375,770.7243039942779,930.426556204865,384.8533791651662,3271.944889493102,1962.8464943855495,259.9458954021341,0.0,432.70195905711887
1906,7,1,1,2927.8041679758685,10367.390409160282,178.89890823768752,598.8354848776496,10.135308003996627,143.5325594084351,96.04318916275615,358.34824885234417,1707.5162963571522,1226.5207798260196,1763.9909438984946,1453.1059220759896,753.0750515314187,0.0,1295.5843278766245
1906,7,2,1,3998.1647231513257,9522.597080933208,161.15176616539878,598.8354848776496,10.135308003996627,135.4974731948082,0.0,348.42957620687594,1954.4320043113657,1011.5893009783239,1111.5132604034447,1729.888905901505,675.2849934093754,0.0,1295.5843278766245
1906,7,3,1,1866.0917721149012,7546.639804741595,171.87721289609124,598.8354848776496,10.135308003996627,83.53482984756117,113.6012565727467,220.95291299162966,1560.025587937639,960.1088631685473,1099.9690422058338,1744.459426950129,647.1459946653615,0.0,1178.8140450894234
1906,7,4,1,2005.2668010854613,8874.683553776236,193.5499456333153,598.8354848776496,9.694465667318674,62.29213546936097,119.79712265842424,199.71283571161595,716.5804676611099,948.5212077181984,1388.670061866968,1555.0805973835534,585.9062896693226,0.0,1270.0408285169156
1906,7,5,1,2999.8051222699432,8000.672682589698,135.5630879491487,598.8354848776496,9.694465667318674,68.32104209287954,203.4465039827984,206.7898448437032,747.8180322147081,795.3688582097631,1133.168225996043,1713.497069721857,561.0807599803078,0.0,983.5477277530258
1906,7,6,1,1475.4162030754235,8909.899400257751,84.39248314684473,598.8354848776496,9.254204150584465,69.18157390671081,98.10847785798963,141.63973136317276,1228.0943006711086,779.9273308343439,1049.4535311191066,2259.7588048159882,526.3318152752868,0.0,934.2852647021883
1906,7,7,1,2534.212359167414,8360.861134374965,63.3457229751072,598.8354848776496,8.372519477228558,66.02456261374007,219.96881354462045,218.1202993620319,635.548063795961,575.2945435161025,1000.3714908351391,2066.813233117788,503.1545240392842,0.0,1085.742225592606
1906,7,8,1,2535.2179590877786,7578.856499462292,87.69403028346335,711.1576893132731,7.932257960494349,52.81902801979632,81.58513046263128,216.7085174891402,739.028285879052,638.3626367762281,1278.9617631013537,1946.530546336325,349.22264624819354,0.0,1085.742225592606
1906,7,9,1,2574.536915971696,7161.974404715455,120.91205055359559,711.1576893132731,7.491415623816395,36.170329385155554,80.55248611502599,240.78120839875172,497.89693089976146,598.456834579246,1141.826389644302,1846.4341022576928,496.54457807827686,0.0,1085.742225592606
1906,7,10,1,2605.308273533079,7167.875961405901,168.78110821928092,711.1576893132731,7.050573287133488,26.98337468334005,87.78203438184514,197.58611301847964,449.0798736747827,530.2459054731557,1436.3186313483122,1924.7127088287089,445.2282880982443,0.0,1085.742225592606
1906,7,11,1,3100.5662342846717,7153.170443094975,144.23411008123512,711.1576893132731,7.050573287133488,31.863523174648623,88.81467872945043,185.5497675636895,585.7532244844787,460.7460124462005,1263.0980195516318,1964.743697647141,418.73752780722657,0.0,954.3551570562394
1906,7,12,1,1743.2074618532797,6846.869976172842,136.18037984734383,711.1576893132731,7.050573287133488,32.72509177380611,99.14112220559491,203.9572312141054,221.6168830208589,431.1519216162566,815.587547896743,1886.4840631087127,418.73752780722657,0.0,954.3551570562394
1906,7,13,1,2645.6328303375235,6333.04755677116,62.10824562299888,711.1576893132731,6.610311770399279,29.854233228584505,83.65041915786475,221.6678538118743,158.15367938407837,469.75574005478984,1043.6814220203353,2119.5554837885006,385.63682155521764,0.0,833.9153025311605
1906,7,14,1,2715.6225847908686,6641.282960313453,61.901838644549066,711.1576893132731,6.610311770399279,141.52119589174143,62.99649437206233,251.40577198065017,793.701743180108,495.4959589596928,1001.8049616378304,1906.4995575179648,388.9502906102167,0.0,976.2495850788429
1906,7,15,1,2776.159699993432,6985.798425477919,106.47320724797241,338.3852117375961,5.728685179040223,141.8114957807497,92.94525611991739,206.08395390724175,488.1294024776019,447.8824129125408,1244.3291085084534,1717.139699983977,372.39993748419613,0.0,673.3356632980073
1906,7,16,1,2180.9451071632416,5687.068966234348,140.30851941629976,338.3852117375961,5.728685179040223,127.45201912798777,92.94525611991739,249.288099171297,187.4459722076818,422.14219400766723,1170.7060480823998,1760.851263129777,344.26093874018227,0.0,773.7056254690074
1906,7,17,1,3081.3592758067552,6337.884898320947,152.07564622512183,338.3852117375961,5.288017088342916,42.19819922337076,85.71570785309821,247.1613764781607,604.3104992423629,416.98633832414816,835.8090426866497,1414.8583043234057,327.71058561417783,0.0,773.7056254690074
1906,7,18,1,1612.6805921973714,6167.610475774266,181.3680758303934,338.3852117375961,4.847348997649741,35.595950319050566,85.71570785309821,201.12461758450763,365.12441599313553,366.79486443523666,1319.3856397371303,1549.6166519903372,314.4737015431724,0.0,773.7056254690074
1906,7,19,1,2297.091897958823,6414.218147974011,157.43836959046803,338.3852117375961,4.847348997649741,62.00598272161184,87.78203438184514,272.6548991444471,93.7209276152316,312.74951862128415,1278.9617631013537,1484.0682793042615,311.1602324881734,0.0,773.7056254690074
1906,7,20,1,2131.972391044307,6011.074103228226,99.663705996306,338.3852117375961,4.847348997649741,50.23639579295343,45.439464795585224,216.7085174891402,624.8130457303103,351.3533370598175,1678.8236652748983,1540.5100763349292,302.8850559251631,0.0,718.969555412512
1906,7,21,1,2883.6583314743616,6001.30267329787,61.901838644549066,338.3852117375961,4.847348997649741,48.5132585946156,53.701657410009695,208.2106766003781,123.00498648439783,382.23639181065585,874.780335575698,1560.5445427767693,274.7460571811493,0.0,718.969555412512
1906,7,22,1,2147.358069824999,6681.432895175538,105.02642936165223,509.4417899631366,3.966012816258876,47.07834771465648,51.63636871477622,228.03897200750012,665.8078462630557,284.4313718746217,1359.8095163729067,1403.9493855695614,271.4325881261502,0.0,552.916309173701
1906,7,23,1,1279.62589859148,6129.492224363125,106.05846425394722,509.4417899631366,4.4066809069543105,48.5132585946156,57.83223480047663,211.04329022997584,185.4904080346063,307.59366293776515,1268.8701286504033,1708.0331243286412,269.784349673138,0.0,552.916309173701
1906,7,24,1,2662.82858897471,7240.24259098827,170.22788610567576,509.4417899631366,3.966012816258876,64.30246220072844,57.83223480047663,204.67217203435007,266.5228118996867,294.73006340410546,1697.5925763180767,1715.3183848528809,276.41128778315226,0.0,510.9314883962739
1906,7,25,1,2322.1313359745313,7240.24259098827,178.89890823768752,509.4417899631366,3.966012816258876,67.1722839606467,61.96385002443415,194.75349938888183,108.36913251560833,324.32415423404944,1570.5679502559442,1403.9493855695614,251.58575809413747,0.0,676.9847346350849
1906,7,26,1,2723.365704177273,6031.5844313984035,148.7673474583816,509.4417899631366,3.966012816258876,99.61018620142316,58.864879148081926,217.41440842560166,221.6168830208589,284.4313718746217,1826.0697861268695,1669.804478608645,258.1957040551448,0.0,507.28241705919623
1906,7,27,1,3400.1344505444376,5090.141019010064,85.2181110606359,509.4417899631366,3.5253447255634462,164.7762905719615,81.58513046263128,230.87158563709792,489.1071845641054,239.38273383167493,1470.9512859412125,1340.2033559819215,246.60705843713544,0.0,507.28241705919623
1906,7,28,1,1628.066270978063,5719.382407785827,109.35711783477812,509.4417899631366,3.5253447255634462,131.76504605040626,43.374176100351754,303.81364906992906,460.79267382700544,205.92175123907705,1443.5242112497751,1473.1403885177572,259.8609346571317,0.0,693.4055556520584
1906,7,29,1,1772.0681795662126,5181.083040143272,172.08940698602115,248.36469426062192,3.084676634868017,128.89315071985845,48.53843567193745,236.53681289626223,532.0678417129385,238.09376991080987,1548.9129846633462,1535.0461309417133,92.68707515035128,0.0,607.6523792301963
1906,7,30,1,2326.8576556000035,5684.1665613043115,171.25992099789607,248.36469426062192,3.084676634868017,129.4633826447043,39.243598709884814,241.49614921899635,151.31949722142923,176.3146405715495,1960.2235403143177,1693.462603280017,402.18717468122213,0.0,505.45788139064365
1906,7,31,1,2284.6224589469466,4181.881769652296,183.4321456149087,248.36469426062192,3.084676634868017,145.54392292515163,37.178310014651345,185.5497675636895,37.09808160693079,241.9606616734638,1709.1367945156874,1817.2930601605171,259.8609346571317,0.0,582.108879870515
1906,8,1,1,2261.594220771968,6318.2452916294515,102.55726176902104,209.53468605007052,6.70905116069715,0.0,0.0,75.89413552858537,355.49068933013484,520.7544438739436,742.8054570083083,798.7036010741764,120.64425790005372,0.0,311.2780852950742
1906,8,2,1,1785.7443384823648,4678.096265813015,99.32612448955521,196.61334375407458,6.192702231441385,0.0,0.0,56.340956589002644,0.0,0.0,425.09098830075095,837.4824357400117,96.85524930004313,0.0,322.7993105279349
1906,8,3,1,2008.68584081454,7898.4112822307425,62.17769096154277,196.61334375407458,6.192702231441385,0.0,0.0,57.00340808321119,325.7043592418078,369.64620886628126,445.94321024387176,844.6728361012406,88.35917480003934,0.0,144.11166729443084
1906,8,4,1,2223.783663768355,7460.8253656513425,63.59649780873785,196.61334375407458,5.676643712150063,0.0,0.0,52.52914553219194,275.7448408420616,269.6798958911923,489.5207226455832,655.0473701106631,86.65995990003859,0.0,466.91712794262503
1906,8,5,1,1958.3052848070947,7602.269232562507,116.09910278507942,196.61334375407458,5.676643712150063,0.0,0.0,62.30663999036163,327.62904608577816,283.6241419443794,307.6037213125701,781.4580234268523,83.26153010003706,0.0,299.75686006221343
1906,8,6,1,2353.606613480089,6203.116562748539,151.0629017047201,196.61334375407458,5.676643712150063,0.0,0.0,74.90045828725691,118.17783070988528,173.20289938883275,382.1442030522537,689.5195533727963,73.06624070003254,0.0,297.8298223897988
1906,8,7,1,2741.1648227666783,7433.252518818459,115.71329534870746,196.61334375407458,5.160585192863693,0.0,0.0,58.66044180709526,90.31309973259746,142.97083651723338,399.823676285403,551.6308203243361,84.96074500003783,0.0,244.03677076872455
1906,8,8,1,2057.0551969814173,5697.227383488244,112.74257808879273,196.61334375407458,5.676643712150063,0.0,0.0,54.18617925607602,526.5099224842843,144.142621899846,330.97885186834355,617.7104099235911,93.45681950004162,0.0,249.79738338516867
1906,8,9,1,2093.9607140566213,6357.8147455056105,115.58790793188656,313.6202220774021,6.192702231441385,0.0,0.0,55.346374359327115,43.23546537738158,54.63254048902304,366.35691127867887,393.6127606709527,98.55446420004388,0.0,309.3510476226595
1906,8,10,1,2293.572298237789,6175.5437159156545,91.84724733581335,313.6202220774021,5.676643712150063,0.0,0.0,62.47225286390595,230.5918933308034,77.88076248019482,349.30816519874384,551.6308203243361,117.24582810005221,0.0,330.4869608167662
1906,8,11,1,1593.9764336797186,6687.527945527958,84.88149407243124,313.6202220774021,5.676643712150063,0.0,0.0,63.46593010520316,395.8473583959857,125.53987795887478,399.19294913225673,501.335961860982,76.46467050003405,0.0,334.34103616156807
1906,8,12,1,2799.288498160528,6873.378607864657,116.09910278507942,313.6202220774021,5.676643712150063,0.0,0.0,58.16360318643103,11.529594666541952,0.0,339.8281449569706,524.3300653907718,67.96859600003026,0.0,292.06920977338217
1906,8,13,1,1623.94331130481,6571.238254674784,118.42359258907113,313.6202220774021,5.160585192863693,0.0,0.0,59.48941116322646,202.71995764343447,156.9281024079747,386.5592931245488,466.86377859884885,62.870951300028,0.0,474.60477823145635
1906,8,14,1,1586.2333142933142,7033.978347312175,130.54759127653725,313.6202220774021,5.160585192863693,0.0,0.0,73.07781168982851,311.29493901942425,108.10371146548862,481.32126965420713,455.38569886657785,66.2693811000295,0.0,368.9252122609502
1906,8,15,1,2579.3637955892855,6441.694247976113,131.19381873246027,313.6202220774021,5.160585192863693,0.0,0.0,62.969091484570185,170.06203595360182,131.35714139168797,449.0968460098066,607.6552326374957,66.2693811000295,0.0,526.4912925808883
1906,8,16,1,1828.3817751034053,5413.081940863283,122.41669955537157,10.815328455098404,5.160585192863693,0.0,0.0,64.12928658779002,355.49068933013484,75.55672147133032,510.372944588636,583.2192546288703,62.870951300028,0.0,464.9900902702104
1906,8,17,1,1910.7404085766714,4173.368048524982,89.78317755129804,10.815328455098404,4.644526673581143,0.0,0.0,61.64328350777476,46.117349421866315,108.10371146548862,413.08805944625715,498.47118493604313,64.57016620002875,0.0,397.74877574388825
1906,8,18,1,2325.55037570361,5773.947620465259,68.88591776116317,10.815328455098404,4.644526673581143,0.0,0.0,53.52372776186747,479.43228812905585,132.51590693674632,538.1631652167047,425.2011949754869,66.2693811000295,0.0,290.14217210096746
1906,8,19,1,2276.074859624412,5223.65164577984,102.55726176902104,10.815328455098404,4.128468154294348,0.0,0.0,51.70108116443907,248.8403947981839,0.0,658.1733408176741,630.6303641346977,61.171736400027235,0.0,347.7892990668435
1906,8,20,1,2080.385115132586,6211.533537044659,107.07120877434893,10.815328455098404,4.128468154294348,0.0,0.0,54.0205663825317,0.0,91.83021646840946,514.7880346609311,642.1274158995565,86.65995990003859,0.0,441.94763980448886
1906,8,21,1,2279.996699313592,7593.852258265975,120.48766237358643,10.815328455098404,4.128468154294348,0.0,0.0,74.56832755178995,345.87754755322715,184.81659451434882,713.7537820738794,791.5132007129477,57.77330660002572,0.0,347.7892990668435
1906,8,22,1,1780.01241893669,7007.663209282334,120.99885722677928,10.815328455098404,4.128468154294348,0.0,0.0,58.826054680639594,413.1386626628871,105.7783684728452,567.2148401512015,596.1581808725646,62.870951300028,0.0,422.7182638819969
1906,8,23,1,2702.4492258348178,5618.088475736337,112.23138323559988,144.43311465215106,4.128468154294348,0.0,0.0,25.51886234093154,269.0238755526154,118.56515096475279,622.1645542541927,678.0414736404529,61.171736400027235,0.0,301.66339733382813
1906,8,24,1,2307.0473371698686,6484.940081429799,76.49693396183608,144.43311465215106,4.128468154294348,0.0,0.0,31.484545742269464,354.5334921296558,205.73947351290656,655.0197050518074,551.6308203243361,67.96859600003026,0.0,416.95765126558024
1906,8,25,1,2216.9455843103597,4480.345743264233,72.49803988403575,144.43311465215106,4.128468154294348,0.0,0.0,15.245434250490568,0.0,102.29165596767365,565.9533858448413,538.6918940806418,64.57016620002875,0.0,315.132160639876
1906,8,26,1,2545.4750782748524,6126.396325771114,138.6784829977029,144.43311465215106,4.128468154294348,0.0,0.0,3.3141579466176667,314.17682306387354,103.45432746401003,631.6445744959659,551.6308203243361,61.171736400027235,0.0,355.4769493556748
1906,8,27,1,2301.3154176241933,4729.662326732038,142.67158996400335,144.43311465215106,3.096351115720762,0.0,0.0,46.23223638374431,464.05537826311246,84.85548947428748,444.68175593751147,377.80905750231943,62.870951300028,0.0,342.0286864503994
1906,8,28,1,2273.158619855435,6228.367485637311,134.2899234091959,144.43311465215106,3.096351115720762,0.0,0.0,55.8441179683384,338.1993850632334,59.28322647425118,480.6714295569562,580.3544777039314,67.96859600003026,0.0,313.2051229674613
1906,8,29,1,2201.4593455375507,6922.5259980087885,120.48766237358643,144.43311465215106,3.096351115720762,0.0,0.0,59.65502403677078,0.0,0.0,576.6948603929748,642.1274158995565,61.171736400027235,0.0,391.9881631274441
1906,8,30,1,2066.8095162083896,4884.360509489112,124.48076933988686,273.514574967892,3.096351115720762,0.0,0.0,60.98083201356621,612.9767362618724,134.83343802680437,600.0699909487483,670.851073279224,57.77330660002572,0.0,340.1016487780122
1906,8,31,1,1478.6341228204292,5392.668359523888,77.14123238051751,273.514574967892,2.5802925964339667,0.0,0.0,53.358114888323136,57.64694408840827,32.54698999412894,410.56515083353645,629.1884896559344,54.37487680002421,0.0,292.06920977338217
1906,9,1,1,2419.674528244416,7601.688751576581,0.0,160.56554796980734,6.238006186989062,0.0,0.0,0.0,442.1118897529747,94.81306125903967,406.8381267465659,348.7628755682269,33.22984658441008,0.0,353.79591649252916
1906,9,2,1,1452.18684491621,7043.943270904507,0.0,160.56554796980734,5.6710097587081245,0.0,0.0,0.0,6.09806663812961,94.81306125903967,296.4035361075535,328.5007447349728,33.22984658441008,0.0,273.90585469094583
1906,9,3,1,1898.5726495408235,7992.5459487863345,0.0,160.56554796980734,5.6710097587081245,0.0,0.0,0.0,548.823938942999,94.81306125903967,229.56557081428937,308.2386139017909,54.828567178317655,0.0,249.18237136205116
1906,9,4,1,1343.8837334991504,6310.989279305181,0.0,160.56554796980734,5.103897166438437,0.0,0.0,0.0,0.0,94.81306125903967,197.60872838640393,299.5494229639633,0.0,0.0,308.1415239772244
1906,9,5,1,2601.989793796118,6913.625289557524,0.0,160.56554796980734,5.6710097587081245,0.0,0.0,0.0,380.11021302447756,144.83267329183585,386.081469523629,342.9764056205136,136.23965225226152,0.0,346.19026780675995
1906,9,6,1,1739.8889821163186,6206.5027018328965,0.0,160.56554796980734,5.6710097587081245,0.0,0.0,0.0,445.158452885688,101.5312974527382,306.781864718988,312.58320937074086,0.0,0.0,325.25935862034993
1906,9,7,1,2926.094648111329,7588.144195237506,0.0,160.56554796980734,6.238006186989062,0.0,0.0,0.0,470.5602022492335,82.12132358152468,327.5385219419249,386.38441624447614,104.67163784004339,0.0,367.10067659239763
1906,9,8,1,1761.609940394904,6643.508137426372,0.0,571.5302143065564,6.238006186989062,0.0,0.0,0.0,193.10681586645822,168.7240752596906,537.6088898397056,477.56400499393897,54.828567178317655,0.0,235.85711086141026
1906,9,9,1,2746.7961823203973,7494.493262836647,0.0,571.5302143065564,5.6710097587081245,0.0,0.0,0.0,0.0,73.90971201687204,263.6057241421172,606.346162386991,74.76545560003329,0.0,306.2349867055821
1906,9,10,1,960.5892678745839,6996.440576886958,0.0,571.5302143065564,5.103897166438437,0.0,0.0,0.0,191.068912149285,123.9280220658893,176.84824857463252,505.0544802535973,0.0,0.0,300.5358752914828
1906,9,11,1,2431.540607303911,7186.451352956328,0.0,571.5302143065564,5.103897166438437,0.0,0.0,0.0,191.068912149285,61.2179743393277,51.062141286114226,302.45214395407766,24.922384938307566,0.0,207.32055298925857
1906,9,12,1,348.7722203602629,6701.846476514934,0.0,571.5302143065564,5.103897166438437,0.0,0.0,0.0,191.068912149285,67.19017383942395,149.44984329928417,133.1362388782597,11.630106461566552,0.0,195.91618004080064
1906,9,13,1,1513.3273200709923,6501.00005537455,0.0,571.5302143065564,5.103897166438437,0.0,0.0,0.0,442.1118897529747,108.25083563018629,129.52268784753048,120.11193848781215,28.24435006780203,0.0,180.70078258913537
1906,9,14,1,1551.7412370268241,7121.243988867446,0.0,571.5302143065564,5.6710097587081245,0.0,0.0,0.0,2.032654571233151,104.51804819467579,143.22284613246424,263.3887287990651,19.93688842169951,0.0,235.85711086141026
1906,9,15,1,1682.770906642834,7339.795080079575,0.0,282.4330503739632,5.103897166438437,0.0,0.0,0.0,232.74301392117957,84.36073564608107,118.7296083505044,162.0799718362485,31.568014412202025,0.0,270.0927801476888
1906,9,16,1,2649.252990050675,7603.043207210408,0.0,282.4330503739632,4.536784574168987,0.0,0.0,0.0,22.359303207994785,127.66080950139981,51.062141286114226,228.65093708034243,28.24435006780203,0.0,209.22709026090084
1906,9,17,1,1775.386659303174,7269.16989345498,0.0,282.4330503739632,4.536784574168987,0.0,0.0,0.0,0.0,70.92296127493447,147.78892846260246,267.714352235355,21.59872059390757,0.0,283.41804064832974
1906,9,18,1,1527.104038979262,6707.361045881429,0.0,282.4330503739632,4.536784574168987,0.0,0.0,0.0,421.7843147963036,123.9280220658893,154.0159256294903,290.8792040587235,24.922384938307566,0.0,176.8959082061598
1906,9,19,1,1698.5588253916715,4364.733280228177,0.0,282.4330503739632,3.9696719818992903,0.0,0.0,0.0,0.0,0.0,171.86741535890275,246.01034692340988,29.90618224001009,0.0,283.41804064832974
1906,9,20,1,1380.2864506142525,4861.528257374822,0.0,282.4330503739632,3.9696719818992903,0.0,0.0,0.0,266.27579326732496,170.22135658192275,140.31576734455652,431.25327337978973,24.922384938307566,0.0,230.15799944728337
1906,9,21,1,1029.5331984109116,8277.56211289039,0.0,282.4330503739632,3.9696719818992903,0.0,0.0,0.0,739.8928510923524,143.3353919696037,191.37790863068153,247.4522214021732,46.52110553221514,0.0,310.0480612488667
1906,9,22,1,3189.1595872638754,8744.462319260449,0.0,209.41372029241586,3.9696719818992903,0.0,0.0,0.0,0.0,143.3353919696037,152.35501079274064,305.3548649442643,48.182937704423196,0.0,239.67018540466728
1906,9,23,1,1798.0126575101683,8806.96077208168,0.0,209.41372029241586,3.9696719818992903,0.0,0.0,0.0,0.0,64.95076177486756,226.25903149606026,348.7628755682269,69.78165829833075,0.0,384.2185112355231
1906,9,24,1,2932.027687641077,10100.36915562073,0.0,209.41372029241586,3.9696719818992903,0.0,0.0,0.0,50.81687890297952,120.94257330773064,208.40754176664782,461.64646962963474,51.50490283391766,0.0,351.8893792208869
1906,9,25,1,1908.4275287599132,6913.625289557524,0.0,209.41372029241586,3.9696719818992903,0.0,0.0,0.0,473.6170578249591,102.27863613009005,197.60872838640393,337.18993567280035,34.88997954171261,0.0,344.2837305351177
1906,9,26,1,1032.5499981718442,1476.6468814388827,0.0,209.41372029241586,3.4026174716238877,0.0,0.0,0.0,421.7843147963036,56.73784822643601,194.70356089294745,241.66575145445992,46.52110553221514,0.0,291.0236893340989
1906,9,27,1,2032.5185589258103,2395.4515353749084,0.0,209.41372029241586,3.9696719818992903,0.0,0.0,0.0,205.30336084046087,45.53948591987513,171.86741535890275,290.8792040587235,53.16673500612572,0.0,209.22709026090084
1906,9,28,1,2440.389886602636,4689.125404546005,0.0,209.41372029241586,3.9696719818992903,0.0,0.0,0.0,0.0,212.02805506628735,207.566572229029,274.9616686944193,44.859273360023195,0.0,349.9828419492446
1906,9,29,1,2179.3361472908196,7907.118497020031,0.0,304.0639272218515,3.9696719818992903,0.0,0.0,0.0,0.0,157.5270149368793,203.41906337324897,237.34012801817002,41.53560901562321,0.0,277.69842883343046
1906,9,30,1,1694.5364257103743,8116.091651963778,0.0,304.0639272218515,3.9696719818992903,0.0,0.0,0.0,308.9688468977718,98.54584869457953,154.43067651501394,153.39647250820443,21.59872059390757,0.0,258.6945573194351
1906,10,1,1,2624.5152320109955,10289.025476056275,164.84587236851095,242.98721648804462,5.37403652189012,131.8065174631348,27.647884844655103,512.9745634693827,0.0,0.0,1624.2944359406488,1036.1575612880897,83.51641233504445,20.838291210624952,454.9038930912538
1906,10,2,1,1773.0737794864156,7388.2652424069975,150.78319131335044,242.98721648804462,4.8855088678997625,41.22880495113281,27.647884844655103,455.9059962228077,301.5994576982817,154.44131342930044,847.2003573320343,1107.7580123784685,86.34730435843663,18.75433145015726,485.22398583041326
1906,10,3,1,2077.368315371654,2558.7601860904865,89.27680529105984,326.5085737122677,4.8855088678997625,35.38548289952071,27.647884844655103,487.408641732706,92.0298792276798,192.7326557658272,987.470253610916,1083.26511827208,89.17819638184496,16.670632968497564,473.1082489752074
1906,10,4,1,2215.939984389995,2257.684048041681,106.5021428057003,326.5085737122677,4.8855088678997625,73.04256243053462,0.0,414.8919228384959,0.0,262.9356200223559,885.1204382991269,593.4451802085443,87.76275037014886,16.670632968497564,535.777974129803
1906,10,5,1,1463.8518039917944,6660.632326512192,53.7767340349153,326.5085737122677,4.8855088678997625,68.17381857772297,11.519952018614976,414.8919228384959,304.33724754056,164.64886609569896,578.0709923635559,663.1484280374038,84.93185834674053,0.0,535.777974129803
1906,10,6,1,1753.0623410723695,7169.7141511948685,114.22793671875009,326.5085737122677,4.8855088678997625,69.79638760021813,12.671947220476468,367.3438333501488,0.0,195.2845439324195,490.89685461616426,691.3977846016554,93.4262336318388,0.0,489.28306518293925
1906,10,7,1,2369.4950922210437,8643.458627704125,78.02955400271915,326.5085737122677,4.8855088678997625,60.70689071828951,10.367956816753463,321.5695210867074,157.6390572332618,123.80693757635883,585.6588311457546,932.5512911755962,83.51641233504445,2.0838291210625592,503.4283417143944
1906,10,8,1,2270.1418200946646,9470.644032690236,122.66747438901334,326.5085737122677,5.37403652189012,71.74450721253851,12.671947220476468,188.42763061226557,89.29723560690765,179.96019509525274,735.3896347224409,1145.4364691526255,77.85462828824392,2.0838291210625592,527.7008162263234
1906,10,9,1,2514.10036076125,9673.522137281563,93.14356032191859,326.5085737122677,5.862796503860124,57.13620208349682,69.1197121116835,190.21045772098557,0.0,51.0546891207369,1161.837642049804,1117.168140555714,75.02373626483559,0.0,578.2343041249408
1906,10,10,1,2723.969064129492,1071.954887397297,76.97533518289251,146.3795636618709,5.862796503860124,71.74450721253851,138.239424223367,172.97042908084725,293.40667305753993,137.84102050885224,34.11660510395039,602.8553083857897,75.02373626483559,8.335316484246782,578.2343041249408
1906,10,11,1,2306.2428572335766,1798.3300944890593,102.98164994895552,146.3795636618709,6.839735647856388,73.69262682485889,13.823942422337959,137.90212935354023,176.7727088000358,141.68187259633896,47.382899559217606,478.51260662469855,73.60829025313949,8.335316484246782,465.01059067098277
1906,10,12,1,1753.0623410723695,5087.432107742413,93.49464508898721,146.3795636618709,6.35126607585578,61.031404522788534,21.887908835368442,198.52730093374075,0.0,89.34472947348475,885.1204382991269,700.8268848115608,72.19284424142727,2.0838291210625592,495.3511838109146
1906,10,13,1,3005.0342418555165,4336.096218254225,94.90091319450326,146.3795636618709,6.839735647856388,51.94190764088278,0.0,162.87075875937208,633.2734338894383,89.34472947348475,553.434407501354,876.0336060144331,65.11561418293066,8.335316484246782,392.23416793668565
1906,10,14,1,2040.1611183202594,7198.544706830386,81.19317498081986,146.3795636618709,7.328205219852045,62.00494593628562,0.0,281.15274003320917,2447.4400247786098,105.93721049140628,426.4480073272953,990.947207565691,65.11561418293066,4.167658242123391,509.4964603423697
1906,10,15,1,2000.0376814998879,7561.055082559765,85.4110147788219,146.3795636618709,7.328205219852045,72.7180486260356,14.975937624199451,139.0876641314154,596.8278931697383,172.30453059547585,763.8105825037235,1051.240327217305,69.36195221803507,12.502974726374173,463.00155139550594
1906,10,16,1,1999.032081579685,6658.020162075322,82.24739380072117,146.3795636618709,7.328205219852045,39.60519914331145,14.975937624199451,225.27875744832386,441.92662577868623,76.58138268924525,669.0486059740653,885.4437341916062,69.36195221803507,12.502974726374173,355.84595656955076
1906,10,17,1,2257.069021130569,7451.150682552179,57.64348906578211,828.2085551849008,7.328205219852045,14.60830512904582,4.607980807445986,225.27875744832386,564.0258772776662,108.49040064174812,625.451980628385,708.3587817598025,67.94650620632285,27.08938665560004,636.8654503277828
1906,10,18,1,1918.6846479469868,7422.320126916252,55.18300214042889,828.2085551849008,7.816674791852654,38.30714392531533,26.495889642796378,266.2928308326357,107.5251521882637,88.06878539020329,610.2954160079564,772.4083638692796,66.53106019462676,4.167658242123391,347.7482982652987
1906,10,19,1,640.5772052351363,7583.306853687718,68.53965558703472,828.2085551849008,7.816674791852654,81.15851789896614,10.367956816753463,177.13337562913205,873.8284120597705,196.56048801570097,589.4431940648356,553.8695201729404,70.77739822973118,0.0,353.816416893274
1906,10,20,1,2030.2056791092143,7308.449106837971,106.84936949843505,828.2085551849008,7.816674791852654,38.30714392531533,0.0,108.77960328320674,0.0,104.66126640809546,559.1109518800095,454.0197125182377,75.02373626483559,6.251356723783086,440.75861655979867
1906,10,21,1,879.5379142978733,6745.672790954544,44.6388849048501,828.2085551849008,7.328205219852045,20.776140985163167,19.583918431645436,146.81626489710897,619.6153620072207,113.59547895868228,530.6900040987267,389.9701304087606,70.77739822973118,10.419014965906475,624.7292130718046
1906,10,22,1,1504.0758008041214,6842.516368778198,98.41947701408111,828.2085551849008,8.793613935848919,9.08980791752188,0.0,142.06507590179376,375.4065665661802,0.0,735.3896347224409,444.6095843410646,46.713116815911334,0.0,361.89357479675374
1906,10,23,1,1273.0894991095133,7914.471256175494,107.55346806981389,828.2085551849008,11.236542615780847,13.310249911049679,21.887908835368442,230.03899632742218,367.2137819254384,81.6864610061794,648.1963840310124,440.8341498505415,67.94650620632285,0.0,517.5736182458494
1906,10,24,1,1389.5379698811234,9253.350650281149,9.138620744937947,737.5942058066714,25.404483483494232,14.932818933544848,0.0,193.17881960758078,25.512907748102368,135.28913234225993,470.0446326730434,433.3022529022999,79.27007429994002,14.586673208033869,339.6711403618189
1906,10,25,1,1565.316835950859,5944.705777167083,96.65440799275409,737.5942058066714,26.3814226274905,13.310249911049679,56.4477648911918,152.16474622326896,294.3124080429579,99.5561880911613,502.2690563174439,410.7065620573584,90.59534160844659,12.502974726374173,501.39880203811754
1906,10,26,1,2075.357115530924,8156.628574149814,68.18760630136083,737.5942058066714,19.54168697962916,16.23191093685886,134.78343861779084,175.35054852041205,428.258261453388,103.38532232478462,471.9368141326179,431.4240216733684,113.24247779564868,14.586673208033869,422.55426067584506
1906,10,27,1,978.9314104210671,7945.817229417097,105.09394566301732,737.5942058066714,16.122399975644708,22.724260597475237,80.63966413029361,92.13686697388198,464.7038021731564,130.18795997660382,549.6500445822732,455.916915779757,92.0107876201427,8.335316484246782,531.7393951780494
1906,10,28,1,1877.5556112064128,6961.611717729805,80.13799164244709,737.5942058066714,13.679471295712776,16.55642474135789,274.17485804301657,108.77960328320674,409.124609886614,125.08288165964031,373.37136173984186,482.2880411151494,65.11561418293066,18.75433145015726,475.11728825071174
1906,10,29,1,1708.8159445787453,7476.014618117001,102.27755137765136,737.5942058066714,13.19100172371217,12.335671712234719,201.59916032575688,102.23653729535714,201.37164760835404,0.0,585.6588311457546,478.51260662469855,80.68552031163613,35.42418058223882,564.0890275934858
1906,10,30,1,1765.1295401160999,7562.40953819359,128.64748965248003,737.5942058066714,13.19100172371217,13.95927752004776,103.67956816751382,139.0876641314154,713.4618574272425,81.6864610061794,528.7978226391523,389.9701304087606,140.13765123287683,27.08938665560004,543.8756324340276
1906,10,31,1,1897.667609612576,9845.92499011038,115.28890716869832,692.6279346164087,12.702532151716513,13.634763715548708,44.9278128725817,43.98605522442027,0.0,125.08288165964031,449.1924107299905,478.51260662469855,165.61737865839277,27.08938665560004,764.2344403131683
1906,11,1,1,1303.156936726722,3263.9478371949526,320.87604481629603,343.4107891242276,26.22460124289743,415.1392091356259,62.21500573512537,463.833694432137,24.380739016340502,0.0,782.5030417707547,863.8156170101565,71.08325691172712,160.32590123081957,635.7789290869548
1906,11,2,1,1357.3587724312297,3513.9416484798776,291.6221959547363,343.4107891242276,27.863675121826244,211.16206569428468,52.493619198332794,604.5774872990582,947.8002000159329,11.292235335558107,1184.8114007808729,3023.3831175844293,66.13854155272281,129.578611284528,616.5085523629455
1906,11,3,1,2863.4457730760805,4823.02301863973,236.7700236909425,343.4107891242276,36.6055960827562,206.3721175256481,31.108021784307976,531.9883693344577,394.15939774136496,1.2546957083592538,1465.6378874992563,2153.894862822303,61.81234041733254,112.01022433697167,528.2133262455787
1906,11,4,1,2814.171376981118,3816.7592294864585,266.9401652138856,343.4107891242276,49.71818711417679,200.00625567380737,58.3272813872191,369.11761057505447,397.2059608740783,0.0,973.4031268005846,1591.7155923637954,59.33998273783038,101.02867610071296,638.9974920078666
1906,11,5,1,2041.367838224535,3760.162333355672,276.0838014555277,343.4107891242276,51.90323173945271,200.00625567380737,34.99574613221424,293.8768766568632,951.8657150071986,0.0,943.4340305523895,1347.8490851259064,63.04766964962278,101.02867610071296,656.6483370710475
1906,11,6,1,1677.6423470492161,3179.391106907743,212.08799295016652,690.9784015573165,42.61534003217564,200.00625567380737,87.49040316406048,326.6284061312438,380.94390090881,50.18756793760415,859.8149003956373,1293.854680302597,63.04766964962278,96.63657936382387,533.0309204265742
1906,11,7,1,2552.0114777568187,3850.2336330097874,223.06421451442606,690.9784015573165,36.05904451646535,200.00625567380737,87.49040316406048,393.90524230491064,394.15939774136496,204.5156087799595,1342.569640852536,1264.068589096499,63.04766964962278,96.63657936382387,571.5716738745928
1906,11,8,1,7406.645653034387,4796.998121102647,234.03079089285097,690.9784015573165,33.87399989118943,210.36374099952334,62.21500573512537,297.41538122289126,953.8933262813596,5490.46550945436,2607.7700842481468,960.6109274136815,55.63059661111634,98.8313213382364,708.022341401224
1906,11,9,1,2750.1146620575205,3631.005313980541,177.35567849227436,690.9784015573165,32.78089675861268,205.58416068405748,73.8802544458482,327.515294743681,391.10254216557087,4275.975059556561,5231.403912046084,1267.7871074891143,62.43085464093043,87.84977310198168,658.2678687318759
1906,11,10,1,2224.78926368872,4342.675002761787,207.51617482930817,690.9784015573165,37.15214764904705,202.3908619049664,75.82515445331478,328.4021833561494,394.15939774136496,1302.374353594303,1624.9633889819363,1217.530193091008,59.95849696142828,96.63657936382387,794.7390366592796
1906,11,11,1,1445.0470854820244,4824.861208428699,263.28463975441065,690.9784015573165,37.15214764904705,211.16206569428468,66.10376791654508,328.4021833561494,392.12149402419175,790.4603794403326,1426.188771009288,1143.0649650756902,58.102954290618484,98.8313213382364,677.5177450551128
1906,11,12,1,2720.5500244004133,3780.575914695068,752.3727268214884,690.9784015573165,35.51307377011824,219.12457693567092,79.71287880122105,380.62906276942135,953.8933262813596,597.2329698462696,974.9895011555702,1087.211301056037,55.01208238751845,94.43922460134732,690.3714963380431
1906,11,13,1,1318.8442954834422,5470.646305303945,665.5274728980432,1131.0298341689995,38.24466996168501,223.10583255637547,56.382381379752516,326.6284061312438,392.12149402419175,555.8298863270261,1110.653177921857,1107.6821242480453,55.01208238751845,101.02867610071296,635.7789290869548
1906,11,14,1,1909.3325686881606,5223.458152117864,558.5720063545313,1131.0298341689995,42.06878846588479,254.9869810814326,58.3272813872191,361.15371283053,394.15939774136496,479.28626116678214,679.9620970185299,1217.530193091008,51.922909699323945,96.63657936382387,756.1982832112335
1906,11,15,1,2820.1044165108656,6788.144649760329,416.8649349813831,1131.0298341689995,103.25816945278828,254.9869810814326,99.1556518748062,319.55139699915657,394.15939774136496,375.15360016458703,777.7821445938711,1169.1135658565854,53.77675315522821,96.63657936382387,781.8852853763217
1906,11,16,1,1667.7874678302883,10770.824694398825,504.6361267521209,1131.0298341689995,66.65489664980211,237.45494135594384,108.87911407862568,305.38832885123014,396.187009015526,348.80144889322514,861.4012747506232,1116.9973922621352,53.15823893161419,92.24186983887077,589.2225189377737
1906,11,17,1,2331.1817352573294,7714.398809682601,336.4240845014139,1131.0298341689995,50.264157860523895,237.45494135594384,484.10782149576374,410.71992640639667,2650.4070010544747,324.9621262757048,990.7576799851082,1144.9242242719617,1117.5566475816213,87.84977310198168,648.6326803698851
1906,11,18,1,1956.5957649427173,6559.531888124676,303.51471018037927,1131.0298341689995,41.522817719537684,237.45494135594384,484.10782149576374,310.70061064219493,2646.290023848011,296.11016618808515,814.0585123738676,1107.6821242480453,1117.5566475816213,94.43922460134732,586.0039560168342
1906,11,19,1,1959.6125647034883,14217.914282663238,360.1898225808812,1131.0298341689995,37.69811839539416,237.45494135594384,431.61420229743095,318.6645083867194,1514.6359142369627,298.609975004343,892.9376324097672,886.1456993984362,280.0136233711564,94.43922460134732,590.8215501978572
1906,11,20,1,2591.430994632854,10580.23343734353,317.22051935682106,476.6380758617358,35.51307377011824,237.45494135594384,330.51883958272543,337.25296971314225,1501.4615871765252,252.1942540150002,1217.9341327949346,886.1456993984362,297.31163105315994,94.43922460134732,956.8767063509715
1906,11,21,1,1170.015507277865,6103.370579994849,458.9179455440599,476.6380758617358,34.41997063753654,237.45494135594384,408.2837048759395,325.74151751877537,1514.6359142369627,253.44415842311443,1197.425943844476,1063.0029874388258,788.7245801334368,98.8313213382364,698.4076534399779
1906,11,22,1,2027.5911193164272,6277.998609936584,1211.3388982951694,476.6380758617358,32.78089675861268,237.45494135594384,1300.7167445882953,373.54300375355086,5478.564492995557,370.1279428569334,1178.5041292490032,936.4215858291302,2498.525588961406,103.22341807512548,650.2317116299686
1906,11,23,1,2548.089638067639,7086.318382879099,1401.445512559089,476.6380758617358,32.234926012260615,237.45494135594384,948.777021252019,498.3499512476088,3804.3957120102623,360.1026679167347,941.8476561974038,876.8494034168617,788.7245801334368,98.8313213382364,635.7789290869548
1906,11,24,1,1591.9652338389892,9704.67461686119,1368.5554286097981,476.6380758617358,33.32744832489858,237.45494135594384,435.506077979391,550.5768306608807,2093.6887583180883,292.34743312610004,974.9895011555702,742.7930209566878,462.3563742902591,101.02867610071296,659.8668999919594
1906,11,25,1,1235.0778221218272,10594.745461992481,2509.4844697702956,476.6380758617358,34.96652220382739,237.45494135594384,219.69897683066412,543.4998215288247,2105.8338410770302,288.58470006414433,1121.700459574579,781.8943801769481,345.53534991518694,105.42077283760203,638.9974920078666
1906,11,26,1,1963.53440439283,14053.444669975808,1418.8068471950057,476.6380758617358,33.32744832489858,237.45494135594384,219.69897683066412,594.8398123296281,1550.2477670723986,214.55390355771246,1020.7267762333033,888.0049585947078,345.53534991518694,105.42077283760203,842.8944780685166
1906,11,27,1,1836.4265744658385,11356.143021903783,1155.4932718827924,849.1466281479914,35.51307377011824,223.10583255637547,145.8156088842527,531.9883693344577,964.0519675381889,212.041074903871,1077.5304459077952,1033.2168962327275,236.73461986813376,98.8313213382364,871.8000431545443
1906,11,28,1,1321.8610952443748,8086.970855835094,745.061675902613,849.1466281479914,42.61534003217564,222.317875714762,132.2096115001171,507.20073760460167,1535.9412712801375,214.55390355771246,1088.5777275604494,893.6017082162547,210.77061619610546,96.63657936382387,614.9095211028618
1906,11,29,1,3452.9284463605964,8486.535267834135,901.3908491135863,849.1466281479914,50.810709426814746,222.317875714762,171.08685497915684,497.47211251895476,1539.029004184968,207.02843743377164,1088.5777275604494,794.9281665837257,193.47260851410195,92.24186983887077,696.788121779122
1906,11,30,1,2420.881248148692,8078.6506283697545,1298.1455714750518,849.1466281479914,40.97626615324683,222.317875714762,116.65248710741128,531.1014807219893,1545.1015455644388,170.6379913846275,1079.0977073186762,716.7444201757928,174.30546444209278,98.8313213382364,744.9640635891591
1906,12,1,1,2565.2853967048254,3188.195068527814,12169.331061223687,12058.086661801697,592.9590797297569,627.5972564773,49.99555392725577,573.9617304016283,4329.927852408043,1339.7412874622764,689.4994560924134,2411.914506391235,307.7448105391649,186.10628106596977,1101.179027372586
1906,12,2,1,2974.6651242621174,2995.3786343596007,21197.22507192781,8499.933884517102,1130.0432809503484,570.9784102674236,41.85686350113856,587.4732069159172,1741.1725850195128,2687.03408072369,1322.634840223181,2944.269741578397,358.823210433197,239.27913097223828,1007.1026882380303
1906,12,3,1,5461.413167191064,2817.4612121642886,10252.832621130807,8499.933884517102,898.0057137527434,578.5262073816389,41.85686350113856,499.6893340501102,4347.836703255952,838.5947189908583,1777.2744400033855,2229.97271360989,358.823210433197,887.015420111001,1143.5943565661787
1906,12,4,1,17318.441827539504,3343.2802386088356,5271.190551057559,8499.933884517102,370.39468580121604,488.8650130906722,47.669769019709975,530.9204830459825,2479.037824837773,591.790677735882,1811.1043509468088,2188.423962182271,358.823210433197,887.015420111001,870.6110199098541
1906,12,5,1,8789.546663441588,3099.6717181699096,7016.39048940883,8499.933884517102,409.1818415895907,419.9706287169911,1213.2273792577255,587.4732069159172,2286.7749892985903,444.4712154653718,1811.1043509468088,2012.173779185484,364.0567923251903,316.6176576896248,1163.8897533286988
1906,12,6,1,11141.041517089154,3576.3433544699155,6895.150502534318,8499.933884517102,525.1890087895405,537.0029554002158,487.7506171340824,593.3737311539124,2295.111868141572,429.3682038671557,1262.5055182864912,1330.0722905653308,306.43641506616257,239.27913097223828,1163.8897533286988
1906,12,7,1,7379.695575170066,3080.3223519711714,4612.810160917933,8499.933884517102,340.3430619543952,669.1308763118938,266.25618832211825,649.9264550238786,2482.6401798933516,368.93011779912416,3038.0024544945913,1436.1828689830181,307.7448105391649,219.9418865048246,988.6523275448076
1906,12,8,1,3722.7309049790206,3264.4315713500955,3603.0556481181516,8499.933884517102,248.7942225509221,660.6292367052196,150.56888638382316,806.0822000032086,2852.9622796096455,337.44815051941055,3593.9979964968074,1627.5347899416083,303.81962412015787,227.19498617264725,826.3506546469638
1906,12,9,1,4176.357029029937,3340.6680741719674,3193.1352469910908,2152.5306732156782,194.98125483913702,532.2855822038198,255.7948264889956,885.4225312830774,2103.363654753138,440.6954625658325,2742.8985985814033,1813.2140731481563,314.3037800531675,229.61181513256545,822.6605825083137
1906,12,10,1,3023.738400373169,3457.151258687116,2662.6500220031685,2152.5306732156782,158.29085904471302,1068.3035915520643,2252.7214280725643,2484.1026044266487,3234.811915503873,317.30646177592797,2495.0037144367816,1709.0196700245763,292.02707271416193,232.02864409248366,1018.1729046539252
1906,12,11,1,20519.266373878803,3212.672016769097,2694.8649429388083,2152.5306732156782,133.129739117301,2951.105728837181,1001.0734520824748,3658.1440298784796,1728.8216534003268,236.7136671268302,2421.6100093391697,1731.7481650978486,292.02707271416193,232.02864409248366,938.8568540739421
1906,12,12,1,18366.276944500085,3587.759480526855,2519.611914974612,2152.5306732156782,128.58772716364845,1194.7914003344454,2653.8440816937327,1722.7358802821896,2856.4617102351017,258.1182801160107,2121.1545290960203,1629.4319932031278,292.02707271416193,145.0175759592923,844.7805149393865
1906,12,13,1,9421.767333338938,10469.942050012405,2686.3771793389983,2152.5306732156782,141.168287127352,1079.7082300488441,1365.5813392876912,1242.458546984332,3240.472759162718,258.1182801160107,2072.225392364279,1599.1146850837783,292.02707271416193,149.8512338791287,946.2369983512147
1906,12,14,1,6657.172032428973,29350.086118205883,2534.754856851539,2152.5306732156782,111.46515524628742,755.0078041925822,845.2738847820674,1028.8812892901965,2485.5220639378695,273.2343115518104,2013.930913054985,1544.171678629709,252.74122422614187,203.02408378539718,848.4705870780365
1906,12,15,1,5210.113747106219,25334.12516370562,2502.443484056806,2152.5306732156782,97.83911938531989,811.6370182556522,609.2497867574355,2110.9758953279043,2485.9337616584953,305.9661832396676,2209.4563305415145,1544.171678629709,259.3001937401445,251.36327577182928,848.4705870780365
1906,12,16,1,8421.396532616825,42323.83615430539,2102.4576244158748,3864.1961441773724,88.40660351225847,4625.410338694964,520.3074545056239,8439.831133601447,2486.345459379121,239.23951561825527,2254.562878466101,1674.907955382188,201.67981648110057,188.52311002588797,782.0697889832735
1906,12,17,1,7055.791840838929,16626.91037437722,3400.120936595462,3864.1961441773724,109.01990328658546,1636.4619457548395,467.97988866969587,2557.497162049513,2866.239531100342,438.182633911991,1675.8229330612578,1593.4420473318082,201.67981648110057,188.52311002588797,1162.044717259374
1906,12,18,1,6344.933257173419,11286.485303589065,4359.720482669129,3864.1961441773724,302.95568222846344,1218.4301055823014,366.832634279226,1501.556720195512,1730.159670992395,1023.684730094492,2064.771344190338,1818.9056829327867,201.67981648110057,188.52311002588797,848.4705870780365
1906,12,19,1,8527.386764217288,9983.305490119657,3731.625976283432,3864.1961441773724,228.17511457716753,976.7969193952496,202.88607388459377,1417.2118031739308,2823.5258925838707,1149.5995793757925,2414.1559611652287,1987.5101367855166,201.67981648110057,159.5185497188015,750.7246762056031
1906,12,20,1,10299.354383791546,20357.46817744948,3271.5506084302565,3864.1961441773724,183.45197897212503,1048.5009919804088,153.47482022637504,1473.7735769276799,5206.638148512399,827.2544404545978,3368.656386314377,1987.5101367855166,201.67981648110057,169.1858655584743,750.7246762056031
1906,12,21,1,9372.694057227887,18316.110043507008,3082.4085127572666,3864.1961441773724,160.38761903866362,937.1502488392097,3989.2244656893868,1223.9062851931046,3256.5289702676732,837.331794745131,573.0060621940778,1987.5101367855166,201.67981648110057,169.1858655584743,750.7246762056031
1906,12,22,1,9736.922348363469,11005.919493710848,4134.312487978817,3864.1961441773724,324.27177413372567,952.2562109208336,3799.7160658156026,1205.3540234018767,3260.954720764573,1709.895269994377,2126.697282866418,1987.5101367855166,302.5112286471555,239.27913097223828,750.7246762056031
1906,12,23,1,5934.64848968788,9665.201909816224,7160.103759451038,4421.408411531168,608.3508082172063,852.2167955977868,1313.7934468796989,1300.7397986601943,2880.6489513227257,1767.8335472461506,2126.697282866418,2281.1972016714158,295.96925128215986,244.1127888920747,660.33840920967
1906,12,24,1,7620.235076107736,7520.8084008668975,7800.061844504725,4421.408411531168,679.2689232480649,871.0862883833706,906.3192521455824,1156.394152040638,3269.497448467867,1210.0376654438237,2404.7906185876764,1943.8744617702123,285.4850953491502,241.69595993215646,776.5346807752985
1906,12,25,1,4412.874130286309,6331.596354306552,5714.097487992929,4421.408411531168,428.7496654666536,809.7500689770982,740.6291314454145,1044.0850940751864,2883.7366842275565,1767.8335472461506,1497.3462616546635,1265.662239836181,261.91698468613305,217.52505754490642,769.1545364980259
1906,12,26,1,5657.706271635108,8084.261944567442,7751.932366819414,4421.408411531168,836.9034557572778,725.7497225217932,790.6319502072873,970.6905364523224,2499.5197864396273,2480.5394566308755,1901.2792209078407,1466.50017710244,248.8160378071348,195.7735969056426,778.3797168446234
1906,12,27,1,4769.258742043369,33149.33417128298,5740.428845524196,4421.408411531168,545.1053246323548,677.6221480654202,1248.098585368119,963.9031236018899,4047.09151832789,1362.3958048596005,1869.341491423992,943.5550700925237,243.5824559151254,188.52311002588797,831.8857628549113
1906,12,28,1,4238.201424128893,72970.32980781155,4562.076483037261,4421.408411531168,329.1622780531345,726.6931971610586,951.6621984242558,1085.4430630439458,7951.735625314241,2193.4520378889342,2220.7329675226783,1032.609791189053,286.79349082215253,210.2745706651518,889.0613806030768
1906,12,29,1,3792.418979456337,42271.59286556925,3372.439253037043,4421.408411531168,249.4912064824298,815.4109168127598,884.2237766071863,1085.4430630439458,5645.713767575673,2252.56210052335,2087.3246181525974,1170.9159089550215,3852.79986426217,2750.481995790305,850.315623147334
1906,12,30,1,4700.576267486255,33605.01174525766,3070.5449340893515,1711.3355643497848,204.0652787464471,771.0572409134945,1746.985156120215,1113.316705149797,6454.1851664837295,2484.315209530415,2162.4384882133845,1396.379544556,2285.274119011287,3821.2025447357455,846.6255510087115
1906,12,31,1,2958.9777655053977,41395.06657677703,3006.0186403589787,1711.3355643497848,172.26538687143193,691.7742676545852,1948.1172913641383,1150.4212287322525,4903.525701690705,18874.8585464927,2162.4384882133845,699.1383739087235,2285.274119011287,3821.2025447357455,866.9209477712317
